hiany_id;hiany_eszkoznev;hiany_muszakicsop;hiany_muszakicsopnev
41253;MUNKASZÉK (DB);BU0605;Egyéb szék
144810;ÉJJELISZEKRÉNY (KR);BS9903;Éjjeli szekrény
144831;ÉJJELISZEKRÉNY (KR);BS9903;Éjjeli szekrény
144790;ÉJJELISZEKRÉNY (KR);BS9903;Éjjeli szekrény
147830;ÉTKEZŐASZTAL 60x80;BA0204;Étkező asztal klf. egyéb
147831;ÉTKEZŐASZTAL 60x80;BA0204;Étkező asztal klf. egyéb
147840;ÉTKEZŐASZTAL 60x80;BA0204;Étkező asztal klf. egyéb
147817;ÉTKEZŐASZTAL 60x80;BA0204;Étkező asztal klf. egyéb
147818;ÉTKEZŐASZTAL 60x80;BA0204;Étkező asztal klf. egyéb
147843;ÉTKEZŐASZTAL 60x80;BA0204;Étkező asztal klf. egyéb
147844;ÉTKEZŐASZTAL 60x80;BA0204;Étkező asztal klf. egyéb
147845;ÉTKEZŐASZTAL 60x80;BA0204;Étkező asztal klf. egyéb
147846;ÉTKEZŐASZTAL 60x80;BA0204;Étkező asztal klf. egyéb
147787;ÉTKEZŐASZTAL 60x80;BA0204;Étkező asztal klf. egyéb
147777;ÉTKEZŐASZTAL 60x80;BA0204;Étkező asztal klf. egyéb
147793;ÉTKEZŐASZTAL 60x80;BA0204;Étkező asztal klf. egyéb
147799;ÉTKEZŐASZTAL 60x80;BA0204;Étkező asztal klf. egyéb
147789;ÉTKEZŐASZTAL 60x80;BA0204;Étkező asztal klf. egyéb
147790;ÉTKEZŐASZTAL 60x80;BA0204;Étkező asztal klf. egyéb
147805;ÉTKEZŐASZTAL 60x80;BA0204;Étkező asztal klf. egyéb
147794;ÉTKEZŐASZTAL 60x80;BA0204;Étkező asztal klf. egyéb
147797;ÉTKEZŐASZTAL 60x80;BA0204;Étkező asztal klf. egyéb
147800;ÉTKEZŐASZTAL 60x80;BA0204;Étkező asztal klf. egyéb
246655;FAVÁZAS TÁMLÁSSZÉK SZÖVET KÁRPITTAL (DB);BU0601;Favázas támlásszék
144190;FÉMVÁZAS TÁMLÁSSZÉK KLF. (KR);BU0603;Fémvázas támlásszék
144277;FÉMVÁZAS TÁMLÁSSZÉK KLF. (KR);BU0603;Fémvázas támlásszék
144172;FÉMVÁZAS TÁMLÁSSZÉK KLF. (KR);BU0603;Fémvázas támlásszék
144239;FÉMVÁZAS TÁMLÁSSZÉK KLF. (KR);BU0603;Fémvázas támlásszék
144240;FÉMVÁZAS TÁMLÁSSZÉK KLF. (KR);BU0603;Fémvázas támlásszék
144267;FÉMVÁZAS TÁMLÁSSZÉK KLF. (KR);BU0603;Fémvázas támlásszék
143708;ÁGYNEMŰTARTÓS HEVERŐ (KR);BE0109;Heverő
143677;ÁGYNEMŰTARTÓS HEVERŐ (KR);BE0109;Heverő
134333;FORGATHATÓ KAROSSZÉK SZÖVET KÁRPIT (DB);BU0501;Irodai forgószék
150995;FORGÓSZÉK Klf. (DB);BU0501;Irodai forgószék
197835;ADJ-H32 L3/K2 rejtett lövedékálló mellén;EF0406;Rejtett viselésű lövedékálló mellény
35182;Álló ruhafogas;BE0201;Álló ruhafogas klf.
33483;Elválasztó paraván;BE0901;Elhelyezés kiegészítő eszközök
40026;Fotel;BU0101;Fotel klf.
41443;Görgős irattároló asztal melletti;BS0601;Alacsony fém görgős irattároló
34587;GÖRGŐS IRATSZEKRÉNY;BS0603;Görgős irattároló
46346;GÖRGŐS IRATSZEKRÉNY;BS0603;Görgős irattároló
34603;GÖRGŐS IRATSZEKRÉNY;BS0603;Görgős irattároló
35216;Telefon IP Cisco CP-7811 (sima);KT0300;IP telefon
35187;Telefon IP 7811 (sima);KT0300;IP telefon
35178;Telefon IP 7811 (sima);KT0300;IP telefon
34847;Telefon IP 7811 (sima);KT0300;IP telefon
35146;Telefon IP 7811 (sima);KT0300;IP telefon
34863;Telefon IP 7811 (sima);KT0300;IP telefon
34855;Telefon IP 7811 (sima);KT0300;IP telefon
35071;Telefon IP 7811 (sima);KT0300;IP telefon
35076;Telefon IP 7811 (sima);KT0300;IP telefon
35082;Telefon IP 7811 (sima);KT0300;IP telefon
34885;Telefon IP 7811 (sima);KT0300;IP telefon
34889;Telefon IP 7811 (sima);KT0300;IP telefon
34901;Telefon IP 7811 (sima);KT0300;IP telefon
46237;Telefon IP 7811 (sima);KT0300;IP telefon
34881;Telefon IP 7811 (sima);KT0300;IP telefon
34898;Telefon IP 7811 (sima);KT0300;IP telefon
34888;Telefon IP 7811 (sima);KT0300;IP telefon
34886;Telefon IP 7811 (sima);KT0300;IP telefon
34967;Telefon IP 7811 (sima);KT0300;IP telefon
34973;Telefon IP 7811 (sima);KT0300;IP telefon
34980;Telefon IP 7811 (sima);KT0300;IP telefon
35022;Telefon IP 7811 (sima);KT0300;IP telefon
35080;Telefon IP 7811 (sima);KT0300;IP telefon
35131;Telefon IP 7811 (sima);KT0300;IP telefon
33092;ÍRÓASZTAL;BA0302;Kisméretű íróasztal
33576;Irodai forgószék;BU0501;Irodai forgószék
33579;Irodai forgószék;BU0501;Irodai forgószék
33153;ÍRÓASZTAL;BA0302;Kisméretű íróasztal
479;EMELETESÁGY;BE0104;Emeletes ágy
715;Emeletes ágy;BE0113;Egyéb fekvőbútorok
646;Vízforraló  SENCOR;EH0501;Vízforraló
794;AN-UP 2016 L4/K2 külső löv.álló mellény;EF0402;Külső viselésű lövedékálló mellény
795;AN-UP 2016 L4/K2 külső löv.álló mellény;EF0402;Külső viselésű lövedékálló mellény
803;AN-UP 2016 L4/K2 külső löv.álló mellény;EF0402;Külső viselésű lövedékálló mellény
806;AN-UP 2016 L4/K2 külső löv.álló mellény;EF0402;Külső viselésű lövedékálló mellény
807;AN-UP 2016 L4/K2 külső löv.álló mellény;EF0402;Külső viselésű lövedékálló mellény
855;DEF-H42-K L4/K2 külsőt lövedékálló mellé;EF0402;Külső viselésű lövedékálló mellény
797;AN-UP 2016 L4/K2 külső löv.álló mellény;EF0402;Külső viselésű lövedékálló mellény
800;AN-UP 2016 L4/K2 külső löv.álló mellény;EF0402;Külső viselésű lövedékálló mellény
801;AN-UP 2016 L4/K2 külső löv.álló mellény;EF0402;Külső viselésű lövedékálló mellény
802;AN-UP 2016 L4/K2 külső löv.álló mellény;EF0402;Külső viselésű lövedékálló mellény
1083;FAVÁZAS TÁMLÁSSZÉK CSERESZNYE;BU0601;Favázas támlásszék
972;DELONGHI KÁVÉFŐZŐ;EH0103;Kávéfőző
923;Favázas támlásszék;BU0601;Favázas támlásszék
925;Favázas támlásszék;BU0601;Favázas támlásszék
926;Favázas támlásszék szövet kárpittal;BU0601;Favázas támlásszék
852;SAMSUNG TELEVÍZIÓ;KV0100;CRT TV (hagyományos televízió)
704;Íróasztal;BA0305;Nagyméretű íróasztal
566;2 AJTÓS IRATSZEKRÉNY cseresznye;BS0202;2. ajtós szekrény
496;Mikró hullámú sütő;EH0301;Beépíthető mikrohullámú sütő
273;Öltöző pad;BU0902;Öltöző pad
292;ÖLTÖZOPAD;BU0902;Öltöző pad
296;Öltözöpad;BU0902;Öltöző pad
300;Öltözöpad;BU0902;Öltöző pad
238;FAVÁZAS TÁMLÁSSZÉK KLF. (DB);BU0601;Favázas támlásszék
132;FEGYVERTÁMLA (DB);BS9905;Fegyverszekrény
73945;B_C_irodai FOTEL;BU0101;Fotel klf.
29644;EMELETESÁGY (DB);BE0104;Emeletes ágy
29640;EMELETESÁGY (DB);BE0104;Emeletes ágy
80200;Forgatható karosszék;BU0501;Irodai forgószék
80196;Vezetői forgószék;BU0701;Vezetői forgószék
28865;asztal sandta femvazas;BA9911;Telefon-rádió asztal
28853;ÉTKEZŐASZTAL (DB);BA0204;Étkező asztal klf. egyéb
25401;VIRÁGÁLLVÁNY RÉZ (DB);BE0316;Virágtartó
25372;ÍRÓASZTAL 118 CM-ES MAHAGÓNI (DB);BA0302;Kisméretű íróasztal
28424;ÍRÓASZTAL (DB);BA0307;Íróasztal klf. egyéb
51949;GÖRGŐS IRATSZEKRÉNY beige (DB);BS0603;Görgős irattároló
28172;GÖRGŐS IRATSZEKRÉNY BÜKK (DB);BS0603;Görgős irattároló
79206;Favázas támlásszék Bükk;BU0601;Favázas támlásszék
60571;VEZETŐI FORGÓSZÉK (DB);BU0701;Vezetői forgószék
85954;FORGATHATÓ KAROSSZÉK SZÖVET KÁRPIT (DB);BU0501;Irodai forgószék
85949; ÖLTÖZŐSZEKRÉNY 2 AJTÓS BÜKK;BS0801;Öltöző szekrény fa
85946;Mosogatószekrény;BS9920;Szekrény egyéb klf.
85944;Favázas támlásszék kárpitos;BU0601;Favázas támlásszék
85943;2 AJTÓS AKASZTÓS SZEKRÉNY BÜKK (DB);BS0203;2 ajtós akasztós szekrény
85942;2 AJTÓS AKASZTÓS SZEKRÉNY BÜKK (DB);BS0203;2 ajtós akasztós szekrény
85941;1 AJTÓS AKASZTÓS SZEKRÉNY MAHAGÓNI;BS0103;1 ajtós akasztós szekrény
85940;francia ágy;BE0108;Francia ágy
85939;FORGATHATÓ KAROSSZÉK SZÖVET KÁRPIT (DB);BU0501;Irodai forgószék
85938;NAGYMÉRETŰ ÍRÓASZTAL (DB);BA0305;Nagyméretű íróasztal
79079;LÉTRA (DB) 3x7 fokos;ES0503;Létra egyéb
85931;Virágtartó;BE0316;Virágtartó
85929;ÍRÓASZTAL 118 CM-ES MAHAGÓNI (DB);BA0302;Kisméretű íróasztal
85927;ÉTKEZŐASZTAL (DB);BA0204;Étkező asztal klf. egyéb
85925;ALUL ZÁRT FELÜL NYITOTT SZEKRÉNY TALIZMÁ;BS0202;2. ajtós szekrény
85924;ÁLLÓ RUHAFOGAS (DB);BE0201;Álló ruhafogas klf.
85922;FAVÁZAS KAROSSZÉK SZÖVET KÁRPITTAL (DB);BU0602;Favázas karosszék
85921;GÖRGŐS IRATSZEKRÉNY MAHAGÓNI (DB);BS0603;Görgős irattároló
85918;TELEFONASZTAL (DB);BA9911;Telefon-rádió asztal
85916;FRANCIAÁGY 2 ágybetéttel;BE0108;Francia ágy
88974;FAVÁZAS TÁMLÁSSZÉK KLF. (DB) cseresznye;BU0601;Favázas támlásszék
88973;FAVÁZAS TÁMLÁSSZÉK KLF. (DB) bükk;BU0601;Favázas támlásszék
88972;virágtartó mahagóni;BE0316;Virágtartó
88969;180 fokos ív mahagóni;BA0401;Íves elem klf.
88967;Nagyméretű íróasztal;BA0305;Nagyméretű íróasztal
88960;ÍRÓASZTAL 118 CM-ES MAHAGÓNI (DB);BA0302;Kisméretű íróasztal
88958;favázas támlásszék szövet kárpit;BU0601;Favázas támlásszék
88957;favázas támlásszék műanyag kárpit;BU0601;Favázas támlásszék
17;Madison Flanders fotel/KAROS;BU0101;Fotel klf.
40;HEVERO /SANDRA/;BE0109;Heverő
41;FORG.KAROSSZEK;BU0501;Irodai forgószék
43;FAVAZAS KANAPE;BU0202;Kanapé
820;4 AJTÓS 4 ZÁRAS VASLEMEZ IRATSZEKRÉNY (D;BS0904; 4. ajtós vaslemez iratszekrény
754;Fémvázas támlásszék műanyag;BU0603;Fémvázas támlásszék
856;Fémvázas támlásszék;BU0603;Fémvázas támlásszék
859;Számítógépasztal Bükk;BA0600;Számítógépasztal
841;KEMPING ÁGY (DB);BE0113;Egyéb fekvőbútorok
827;Fémvázas támlásszék klf.;BU0603;Fémvázas támlásszék
828;FÉMVÁZAS TÁMLÁSSZÉK KLF. (DB);BU0603;Fémvázas támlásszék
816;FORGATHATÓ KAROSSZÉK KLF. (DB);BU0501;Irodai forgószék
811;FORGÓSZÉK Klf. (DB);BU0501;Irodai forgószék
775;Emeletes ágy/1;BE0113;Egyéb fekvőbútorok
723;EMELETESÁGY (DB);BE0104;Emeletes ágy
711;Forgatható karosszék szövet;BU0501;Irodai forgószék
632;EMELETESÁGY;BE0104;Emeletes ágy
622;2 ajtós iratszekrény szürke;BS0202;2. ajtós szekrény
589;FORGATHATÓ KAROSSZÉK BŐR KÁRPITTAL (DB);BU0701;Vezetői forgószék
590;2 AJTÓS FELSŐSZEKRÉNY MAHAGÓNI (DB);BS0502;2. ajtós felső szekrény
592;Linea Mega Tech3 forgószék;BU0501;Irodai forgószék
593;FORGATHATÓ KAROSSZÉK SZÖVET KÁRPIT;BU0501;Irodai forgószék
567;karfás forgószék szürke kárpittal;BU0501;Irodai forgószék
508;FORGATHATÓ KAROSSZÉK KLF.;BU0501;Irodai forgószék
510;Vaságy;BE0102;Árkay vaságy
512;2 AJTÓS IRATSZEKRÉNY MAHAGÓNI (DB);BS0202;2. ajtós szekrény
499;FÉMVÁZAS KAROSSZÉK KLF. (DB);BU0604;Fémvázas karosszék
330;FA ÖLTÖZŐSZEKRÉNY 2 AJTÓS (DB);BS0801;Öltöző szekrény fa
287;emeletes ágy;BE0104;Emeletes ágy
265;ÍRÓASZTAL (DB);BA0307;Íróasztal klf. egyéb
251;FÉMVÁZAS TÁMLÁSSZÉK KLF. (DB);BU0603;Fémvázas támlásszék
149;3 szem. tantermi asztal;BA9903;3 szem. tantermi asztal
121;FOTEL FAVÁZAS (DB);BU0202;Kanapé
97;1 AJTÓS AKASZTÓS SZEKRÉNY MAHAGÓNI (DB);BS0103;1 ajtós akasztós szekrény
555;2 ajtós akasztós szekrény;BS0203;2 ajtós akasztós szekrény
558;emeltetes ágy;BE0104;Emeletes ágy
560;Tantermi asztal 2 személyes;BA9914;Tantermi asztal 2-6 személyes
228;FORGATHATÓ TÁMLÁSSZÉK KLF. (DB);BU0501;Irodai forgószék
834;ASZTALI LÁMPA (DB);KI0101;Asztali-,állólámpa, csillár
837;2 AJTÓS 1 ZÁRAS VASLEMEZ IRATSZEKERÉNY (;BS0903; 2. ajtós vaslemez iratszekrény
838;Forgószék karos szövet;BU0501;Irodai forgószék
503;FORGATHATÓ KAROSSZÉK KLF.;BU0501;Irodai forgószék
504;FORGATHATÓ KAROSSZÉK KLF.;BU0501;Irodai forgószék
506;FORGATHATÓ KAROSSZÉK KLF.;BU0501;Irodai forgószék
794;Irodai forgószék;BU0102;Forgó fotel
780;emeletes ágy;BE0113;Egyéb fekvőbútorok
21;EGYIK OLDALT IVES ASZTAL;BA0301;Íves íróasztal
360;FOTEL FAVÁZAS (DB);BU0101;Fotel klf.
584;FORGATHATÓ KAROSSZÉK SZÖVET KÁRPIT (DB);BU0501;Irodai forgószék
242;FÉMVÁZAS TÁMLÁSSZÉK KLF. (DB);BU0603;Fémvázas támlásszék
309;TANTERMI ASZTAL 2 SZEMÉLYES (DB);BA9902;2 szem. tantermi asztal
311;TANTERMI ASZTAL 2 SZEMÉLYES (DB);BA9902;2 szem. tantermi asztal
312;TANTERMI ASZTAL 2 SZEMÉLYES (DB);BA9902;2 szem. tantermi asztal
115;ÁLLÓ RUHAFOGAS (DB);BE0201;Álló ruhafogas klf.
153;KEMPING ÁGY (DB);BE0103;Camping ágy
271;asztali lámpa;KI0101;Asztali-,állólámpa, csillár
254;FÉMVÁZAS TÁMLÁSSZÉK KLF. (DB);BU0603;Fémvázas támlásszék
256;FÉMVÁZAS TÁMLÁSSZÉK KLF. (DB);BU0603;Fémvázas támlásszék
674;Irodai forgószék;BU0501;Irodai forgószék
103;FORGATHATÓ KAROSSZÉK KLF. (DB);BU0501;Irodai forgószék
15044;GÖRGŐS SZÉK vezetői, bőr;BU0501;Irodai forgószék
14492;Irattároló lemezszekrény;BS0902; 1. ajtós vaslemez iratszekrény
17387;1 AJTÓS AKASZTÓS SZEKRÉNY BÜKK (DB);BS0103;1 ajtós akasztós szekrény
17528;1 AJTÓS FELSŐSZEKRÉNY BÜKK (DB);BS0501;1. ajtós felső szekrény
17300;90 FOKOS ÍV BÜKK (DB);BA0401;Íves elem klf.
17824;Bükk íróasztal NNI;BA0305;Nagyméretű íróasztal
17880;Bükk számítógépasztal NNI;BA0600;Számítógépasztal
16706;ASZTAL MELLÉ HELYEZHETŐ KONTÉNER (DB);BS0604;Görgős irattároló asztal melletti
18232;Bordó szövet kárpitos görgős szék NNI;BU0602;Favázas karosszék
16810;1 AJTÓS IRATSZEKRÉNY (DB);BS0102;1. ajtós szekrény
17338;BÜKK FIÓKOS TÁROLÓ (DB);BS0604;Görgős irattároló asztal melletti
14787;90 FOKOS ÍV, bükk 67x67x75;BA0401;Íves elem klf.
14859;1 AJTÓS AKASZTÓS SZEKRÉNY, bükk;BS0103;1 ajtós akasztós szekrény
15197;1 AJTÓS FELSŐSZEKRÉNY bükk 75x60x40;BS0501;1. ajtós felső szekrény
16948;FORGÓSZÉK  (DB);BU0501;Irodai forgószék
17440;1 AJTÓS IRATSZEKRÉNY BÜKK (DB);BS0102;1. ajtós szekrény
17695;FÉMVÁZAS SZÉK . (DB);BU0603;Fémvázas támlásszék
16598;SZÁMITÓGÉPASZTAL (DB);BA0600;Számítógépasztal
17173;ÍRÓASZTAL (DB);BA0305;Nagyméretű íróasztal
15587;Felső szekrény 1 ajtós bükk (NNI);BS0501;1. ajtós felső szekrény
14304;1 AJTÓS IRATTÁROLÓ SZEKRÉNY (DB);BS0102;1. ajtós szekrény
14653;ÍRÓASZTAL bükk 134x67x75;BA0307;Íróasztal klf. egyéb
17664;KONFERENCIA ASZTAL (DB);BA0701;Tárgyalóasztal klf.
14290;1 AJTÓS IRATTÁROLÓ SZEKRÉNY (DB);BS0102;1. ajtós szekrény
15403;Fiókos tároló bükk (NNI);BS0604;Görgős irattároló asztal melletti
17600;TÁMLÁS SZÉK (DB);BU0605;Egyéb szék
17626;TÁMLÁS SZÉK (DB);BU0605;Egyéb szék
17642;Vezetői íróasztal (DB);BA0305;Nagyméretű íróasztal
17127;2 AJTÓS IRATSZEKRÉNY (DB);BS0202;2. ajtós szekrény
15631;Támlás szék bordó szövettel (NNI);BU0601;Favázas támlásszék
16995;FELSŐSZEKRÉNY Vezetői 2 ajtós;BS0501;1. ajtós felső szekrény
16996;FELSŐSZEKRÉNY Vezetői 2 ajtós;BS0501;1. ajtós felső szekrény
16978;ÜVEGES SZEKRÉNY (DB);BS0201;2. ajtós üveges szekrény
15369;Bükk 90 fokos ív (NNI);BA0401;Íves elem klf.
15620;Görgős szék bordó szövetes (NNI);BU0501;Irodai forgószék
17568;SZÁMÍTÓGÉPASZTAL (DB);BA0600;Számítógépasztal
15572;Felső szekrény 1 ajtós bükk (NNI);BS0501;1. ajtós felső szekrény
15388;Fiókos tároló bükk (NNI);BS0604;Görgős irattároló asztal melletti
15286;Íróasztal bükk 134 cm (NNI);BA0302;Kisméretű íróasztal
14312;1 AJTÓS IRATTÁROLÓ SZEKRÉNY (DB);BS0102;1. ajtós szekrény
15288;Számítógépasztal bükk (NNI);BA0601;Számítógépasztal
14657;ÍRÓASZTAL bükk 134x67x75;BA0307;Íróasztal klf. egyéb
15372;Bükk 90 fokos ív (NNI);BA0401;Íves elem klf.
15400;Fiókos tároló bükk (NNI);BS0604;Görgős irattároló asztal melletti
18069;Bökk 1 jatós iratszekrény NNI;BS0102;1. ajtós szekrény
16844;FELSŐSZEKRÉNY  (DB);BS0501;1. ajtós felső szekrény
14898;1 AJTÓS AKASZTÓS SZEKRÉNY, bükk;BS0103;1 ajtós akasztós szekrény
18438;Rekeszes kulcstartó szekrény;BS9920;Szekrény egyéb klf.
15300;Számítógépasztal bükk (NNI);BA0601;Számítógépasztal
15428;Fiókos tároló bükk (NNI);BS0604;Görgős irattároló asztal melletti
15653;Görgős szék bordó szövetes (NNI);BU0501;Irodai forgószék
14671;ÍRÓASZTAL bükk 134x67x75;BA0307;Íróasztal klf. egyéb
15689;Támlás szék bordó szövettel (NNI);BU0601;Favázas támlásszék
18540;Mega Tech 3 szék + lineatech karfa;BU0605;Egyéb szék
17912;Bükk 90 fokos ív NNI;BA0401;Íves elem klf.
16980;ÜVEGES SZEKRÉNY (DB);BS0201;2. ajtós üveges szekrény
14325;1 AJTÓS IRATTÁROLÓ SZEKRÉNY (DB);BS0102;1. ajtós szekrény
15311;Számítógépasztal bükk (NNI);BA0601;Számítógépasztal
31360;ASZTALI LÁMPA (DB);KI0101;Asztali-,állólámpa, csillár
16668;ASZTAL MELLÉ HELYEZHETŐ KONTÉNER (DB);BS0604;Görgős irattároló asztal melletti
16669;ASZTAL MELLÉ HELYEZHETŐ KONTÉNER (DB);BS0604;Görgős irattároló asztal melletti
18241;Bükk támlás szék bordó kárpittal NNI;BU0601;Favázas támlásszék
18192;Bordó szövet kárpitos görgős szék NNI;BU0602;Favázas karosszék
17629;90 FOKOS ÍV (DB);BA0401;Íves elem klf.
17841;Bükk számítógépasztal NNI;BA0600;Számítógépasztal
16974;FAVÁZAS TÁMLÁSSZÉK SZÖVET KÁRPITTAL (DB);BU0601;Favázas támlásszék
16989;FELSŐSZEKRÉNY Vezetői 2 ajtós;BS0501;1. ajtós felső szekrény
17542;Vezetői íróasztal (DB);BA0305;Nagyméretű íróasztal
15078;TÁRGYALÓASZTAL 6 fős 180x80x75 csereszny;BA0701;Tárgyalóasztal klf.
18253;Akasztós szekrény vezetői cseresznye NNI;BS0103;1 ajtós akasztós szekrény
15431;Akasztós szekrény 1 ajtós bükk (NNI);BS0103;1 ajtós akasztós szekrény
17216;SZÁMÍTÓGÉPASZTAL (DB);BA0600;Számítógépasztal
15252;Íróasztal bükk 134 cm (NNI);BA0302;Kisméretű íróasztal
18154;Bükk felső szekrény 1 ajtós NNI;BS0102;1. ajtós szekrény
17959;Bükk fiókos tároló NNI;BS0604;Görgős irattároló asztal melletti
14947;1 AJTÓS IRATSZEKRÉNY bükk 160x60x40;BS0102;1. ajtós szekrény
18118;Bükk felső szekrény 1 ajtós NNI;BS0102;1. ajtós szekrény
17531;GÖRGŐS SZÉK (DB);BU0605;Egyéb szék
17193;ÍRÓASZTAL (DB);BA0305;Nagyméretű íróasztal
14915;1 AJTÓS IRATSZEKRÉNY bükk 160x60x40;BS0102;1. ajtós szekrény
17942;Bükk fiókos tároló NNI;BS0604;Görgős irattároló asztal melletti
18124;Bükk felső szekrény 1 ajtós NNI;BS0102;1. ajtós szekrény
17200;SZÁMÍTÓGÉPASZTAL (DB);BA0600;Számítógépasztal
11676;1 AJTÓS LEMEZ IRATSZEKRÉNY;BS0902; 1. ajtós vaslemez iratszekrény
11672;1 AJTÓS FELSŐ SZEKRÉNY;BS0501;1. ajtós felső szekrény
11660;1 AJTÓS POLCOS IRATSZEKRÉNY;BS0102;1. ajtós szekrény
11645;SZÁMÍTÓGÉPASZTAL BÜKK;BA0601;Számítógépasztal
11642;ÍRÓASZTAL 134 CM-ES BÜKK;BA0302;Kisméretű íróasztal
11643;ÍRÓASZTAL 134 CM-ES BÜKK;BA0302;Kisméretű íróasztal
11686;FORGATHATÓ KAROSSZÉK SZÖVET KÁRPIT;BU0501;Irodai forgószék
9494;FAVÁZAS TÁMLÁSSZÉK SZÖVET KÁRPITTAL (DB);BU0601;Favázas támlásszék
11654;GÖRGŐS IRATSZEKRÉNY BÜKK;BS0603;Görgős irattároló
11708;ÉJJELI SZEKRÉNY bükk;BS9903;Éjjeli szekrény
11665;1 AJTÓS POLCOS IRATSZEKRÉNY;BS0102;1. ajtós szekrény
11666;1 AJTÓS AKASZTÓS SZEKRÉNY;BS0103;1 ajtós akasztós szekrény
11763;Írósasztal 1134*67*75;BA0302;Kisméretű íróasztal
11837;Lemezszekrény;BS0901; 1. ajtós vaslemez betétszekrény
11775;SZÁMÍTÓGÉPASZTAL 67*67*75;BA0600;Számítógépasztal
11788;GÖRGŐS IRATSZEKRÉNY 3+1;BS0603;Görgős irattároló
11818;FELSŐSZEKRÉNY 1 ajtós;BS0501;1. ajtós felső szekrény
11820;1 AJTÓS AKASZTÓS SZEKRÉNY (DB);BS0103;1 ajtós akasztós szekrény
11722;90 FOKOS ÍV CSERESZNYE;BA0401;Íves elem klf.
11723;ÍRÓASZTAL 160 CM-ES;BA0305;Nagyméretű íróasztal
11734;Felső szekrény 2 ajtós cseresznye;BS0502;2. ajtós felső szekrény
16765;1 AJTÓS AKASZTÓS SZEKRÉNY (DB);BS0103;1 ajtós akasztós szekrény
14965;GÖRGŐS SZÉK, bordó szövet kárpitos;BU0501;Irodai forgószék
15504;Iratszekrény 1 ajtós bükk (NNI);BS0102;1. ajtós szekrény
14711;SZÁMÍTÓGÉPASZTAL bükk 67x67x75;BA0600;Számítógépasztal
18017;Bükk 1 ajtós akasztós szekrény NNI;BS0103;1 ajtós akasztós szekrény
14801;FIÓKOS TÁROLÓ, bükk;BS0604;Görgős irattároló asztal melletti
16516;Irodai asztal;BA0307;Íróasztal klf. egyéb
15758;Írólapos szék bordó szövettel (NNI);BU0501;Irodai forgószék
14983;TÁMLÁS SZÉK bükk, bordó kárpittal;BU0601;Favázas támlásszék
18190;Bordó szövet kárpitos görgős szék NNI;BU0602;Favázas karosszék
15085;ÉTKEZŐASZTAL 4 szem., 80x60x75;BA0201;Étkező asztal 4. személyes
18306;Étkeztőasztal 4 fős NNI;BA0204;Étkező asztal klf. egyéb
17012;TÁRGYALÓASZTAL (DB);BA0701;Tárgyalóasztal klf.
18273;Tárgyalóasztal 6 fős cseresznye NNI;BA0701;Tárgyalóasztal klf.
18550;TÁRGYALÓASZTAL cseresznye;BA0701;Tárgyalóasztal klf.
14580;FÉM IRATSZEKRÉNY (DB);BS9906;Fém szekrény klf.
15096;TÁRGYALÓASZTAL 6 fős 180x80x75 csereszny;BA0701;Tárgyalóasztal klf.
18094;Bükk felső szekrény 1 ajtós NNI;BS0102;1. ajtós szekrény
14578;FÉM IRATSZEKRÉNY (DB);BS9906;Fém szekrény klf.
18189;Bordó szövet kárpitos görgős szék NNI;BU0602;Favázas karosszék
17042;Mini Konyha (DB) mosogatótálcás;EH9907;Mini Konyha
7705;AKG D80 mikrofon;KH0200;Mikrofonok
15427;Akasztós szekrény 1 ajtós bükk (NNI);BS0103;1 ajtós akasztós szekrény
18057;Bökk 1 jatós iratszekrény NNI;BS0102;1. ajtós szekrény
18111;Bükk felső szekrény 1 ajtós NNI;BS0102;1. ajtós szekrény
17311;BÜKK FIÓKOS TÁROLÓ (DB);BS0604;Görgős irattároló asztal melletti
16931;FORGÓSZÉK  (DB);BU0501;Irodai forgószék
19596;ADJ-H32 L3/K2 rejtett lövedékálló mellén;EF0406;Rejtett viselésű lövedékálló mellény
19998;Asztali ventillátor NEDIS;EE1301;Asztali ventilátor
5094;Töltő-ürítő lövedékcsapda;EE1011;Lövedékmegfogó berendezés
20001;Asztali ventillátor NEDIS;EE1301;Asztali ventilátor
5093;Töltő-ürítő lövedékcsapda;EE1011;Lövedékmegfogó berendezés
19594;ADJ-H32 L3/K2 rejtett lövedékálló mellén;EF0406;Rejtett viselésű lövedékálló mellény
17965;Bükk fiókos tároló NNI;BS0604;Görgős irattároló asztal melletti
17126;2 AJTÓS IRATSZEKRÉNY (DB);BS0202;2. ajtós szekrény
17713;TÁMLÁS KÁRPITOS SZÉK (DB);BU0605;Egyéb szék
15429;Akasztós szekrény 1 ajtós bükk (NNI);BS0103;1 ajtós akasztós szekrény
15537;Felső szekrény 1 ajtós bükk (NNI);BS0501;1. ajtós felső szekrény
15056;GÖRGŐS SZÉK vezetői, bőr;BU0501;Irodai forgószék
17040;FAVÁZAS TÁMLÁSSZÉK SZÖVET KÁRPITTAL (DB);BU0601;Favázas támlásszék
14250;1 AJTÓS IRATTÁROLÓ SZEKRÉNY (DB);BS0102;1. ajtós szekrény
17593;GÖRGŐS SZÉK (DB);BU0605;Egyéb szék
18174;Bükk felső szekrény 1 ajtós NNI;BS0102;1. ajtós szekrény
11737;1 AJTÓS AKASZTÓS SZEKRÉNY cseresznye;BS0103;1 ajtós akasztós szekrény
11941;SZÁMÍTÓGÉPASZTAL 67*67*75 cseresznye;BA0600;Számítógépasztal
11877;FAVÁZAS TÁMLÁSSZÉK KLF. (DB);BU0601;Favázas támlásszék
11740;1 AJTÓS FELSŐSZEKRÉNY  cseresznye;BS0501;1. ajtós felső szekrény
11742;FORGÓSZÉK FEKETE BŐR;BU0501;Irodai forgószék
11725;SZÁMÍTÓGÉPASZTAL;BA0600;Számítógépasztal
11727;GÖRGŐS IRATSZEKRÉNY cseresznye;BS0603;Görgős irattároló
11731;2 AJTÓS IRATSZEKRÉNY CSERESZNYE;BS0202;2. ajtós szekrény
11910;FÉMVÁZAS TÁMLÁSSZÉK szövet nélkül;BU0603;Fémvázas támlásszék
11821;FELSŐSZEKRÉNY 1 ajtós;BS0501;1. ajtós felső szekrény
11809;1 AJTÓS AKASZTÓS SZEKRÉNY (DB);BS0103;1 ajtós akasztós szekrény
10188;Tárgyalóasztal cseresznye 160 cm;BA0701;Tárgyalóasztal klf.
19704;ADJ-H32 L3/K2 rejtett lövedékálló mellén;EF0406;Rejtett viselésű lövedékálló mellény
19731;ADJ-H32-K L3/K2 rejtett lövedékálló mell;EF0406;Rejtett viselésű lövedékálló mellény
19697;ADJ-H32 L3/K2 rejtett lövedékálló mellén;EF0406;Rejtett viselésű lövedékálló mellény
19693;ADJ-H32 L3/K2 rejtett lövedékálló mellén;EF0406;Rejtett viselésű lövedékálló mellény
15748;Írólapos szék bordó szövettel (NNI);BU0501;Irodai forgószék
18279;Cseresznye támlás szék bordó NNI;BU0603;Fémvázas támlásszék
8222;ELECTROLUX MIKROHULLÁMÚ SÜTŐ grillezős;EH0303;Mikrohullámú sütő klf. egyéb
16986;ÜVEGES SZEKRÉNY (DB);BS0201;2. ajtós üveges szekrény
15742;Étkezőasztal 4 fős (NNI);BA0201;Étkező asztal 4. személyes
15081;ÉTKEZŐASZTAL 4 szem., 80x60x75;BA0201;Étkező asztal 4. személyes
27323;ADJ-H32 L3/K2 rejtett lövedékálló mellén;EF0406;Rejtett viselésű lövedékálló mellény
27324;ADJ-H32 L3/K2 rejtett lövedékálló mellén;EF0406;Rejtett viselésű lövedékálló mellény
19623;ADJ-H32 L3/K2 rejtett lövedékálló mellén;EF0406;Rejtett viselésű lövedékálló mellény
19624;ADJ-H32 L3/K2 rejtett lövedékálló mellén;EF0406;Rejtett viselésű lövedékálló mellény
19625;ADJ-H32 L3/K2 rejtett lövedékálló mellén;EF0406;Rejtett viselésű lövedékálló mellény
19606;ADJ-H32 L3/K2 rejtett lövedékálló mellén;EF0406;Rejtett viselésű lövedékálló mellény
19630;ADJ-H32 L3/K2 rejtett lövedékálló mellén;EF0406;Rejtett viselésű lövedékálló mellény
19628;ADJ-H32 L3/K2 rejtett lövedékálló mellén;EF0406;Rejtett viselésű lövedékálló mellény
18307;Étkeztőasztal 4 fős NNI;BA0204;Étkező asztal klf. egyéb
17830;Bükk íróasztal NNI;BA0305;Nagyméretű íróasztal
14541;Irattároló lemezszekrény;BS0902; 1. ajtós vaslemez iratszekrény
17428;1 AJTÓS IRATSZEKRÉNY BÜKK (DB);BS0102;1. ajtós szekrény
16929;FORGÓSZÉK  (DB);BU0501;Irodai forgószék
17396;1 AJTÓS AKASZTÓS SZEKRÉNY BÜKK (DB);BS0103;1 ajtós akasztós szekrény
17578;1 AJTÓS FELSŐSZEKRÉNY BÜKK (DB);BS0501;1. ajtós felső szekrény
17218;SZÁMÍTÓGÉPASZTAL (DB);BA0600;Számítógépasztal
17219;SZÁMÍTÓGÉPASZTAL (DB);BA0600;Számítógépasztal
17079;KONFERENCIA ASZTAL  (DB);BA0701;Tárgyalóasztal klf.
17652;MINIKONYHA MOSOGATÓTÁLCÁS (DB);BS0705;Konyhaszekrény
19401;Mikrohullámú sütő Hausmeister Diana;EH0303;Mikrohullámú sütő klf. egyéb
19417;Szendvicssütő Sencor SSM 4220SS;EH9707;Szendvicssűtő
11812;1 AJTÓS AKASZTÓS SZEKRÉNY (DB);BS0103;1 ajtós akasztós szekrény
11770;Írósasztal 1134*67*75;BA0302;Kisméretű íróasztal
11909;Heverő ágyneműtartós;BE0109;Heverő
11704;HEVERŐ;BE0109;Heverő
11900;TÁRGYALÓASZTAL 6 személyes;BA0701;Tárgyalóasztal klf.
11916;FAVÁZAS TÁMLÁSSZÉK cseresznye pác;BU0601;Favázas támlásszék
11926;FAVÁZAS TÁMLÁSSZÉK cseresznye pác;BU0601;Favázas támlásszék
11782;SZÁMÍTÓGÉPASZTAL 67*67*75;BA0600;Számítógépasztal
11712;ÉTKEZŐASZTAL 6 SZEMÉLYES;BA0202;Étkező asztal 6. személyes
11784;SZÁMÍTÓGÉPASZTAL 67*67*75;BA0600;Számítógépasztal
19695;ADJ-H32 L3/K2 rejtett lövedékálló mellén;EF0406;Rejtett viselésű lövedékálló mellény
14736;SZÁMÍTÓGÉPASZTAL bükk 67x67x75;BA0600;Számítógépasztal
14832;FIÓKOS TÁROLÓ, bükk;BS0604;Görgős irattároló asztal melletti
18547;1 AJTÓS AKASZTÓS SZEKRÉNY 160 cm;BS0103;1 ajtós akasztós szekrény
14973;GÖRGŐS SZÉK, bordó szövet kárpitos;BU0501;Irodai forgószék
15482;Iratszekrény 1 ajtós bükk (NNI);BS0102;1. ajtós szekrény
15488;Iratszekrény 1 ajtós bükk (NNI);BS0102;1. ajtós szekrény
15513;Iratszekrény 1 ajtós bükk (NNI);BS0102;1. ajtós szekrény
16983;ÜVEGES SZEKRÉNY (DB);BS0201;2. ajtós üveges szekrény
19358;Gorenje RK 611 PW4 kombinálthűtő;EH0204;Háztartási hűtőszekrény
19616;ADJ-H32 L3/K2 rejtett lövedékálló mellén;EF0406;Rejtett viselésű lövedékálló mellény
15423;Akasztós szekrény 1 ajtós bükk (NNI);BS0103;1 ajtós akasztós szekrény
17043;Mini Konyha (DB) mosogatótálcás;EH9907;Mini Konyha
14603;FÉM IRATSZEKRÉNY (DB);BS9906;Fém szekrény klf.
19441;KÁVÉFŐZŐ De-Lomghi EC5.1;EH0103;Kávéfőző
19254;Gorenje asztali hűtőszekrény RB 4092A;EH0204;Háztartási hűtőszekrény
18052;Bökk 1 jatós iratszekrény NNI;BS0102;1. ajtós szekrény
15544;Felső szekrény 1 ajtós bükk (NNI);BS0501;1. ajtós felső szekrény
19263;Gorenje kombinálthűtő R611;EH0204;Háztartási hűtőszekrény
14012;Irattároló szekrény;BS0102;1. ajtós szekrény
18258;Akasztós szekrény vezetői cseresznye NNI;BS0103;1 ajtós akasztós szekrény
15019;FIÓKOS TÁROLÓ vezetői, cseresznye;BS0604;Görgős irattároló asztal melletti
16991;FELSŐSZEKRÉNY Vezetői 2 ajtós;BS0501;1. ajtós felső szekrény
18180;Bükk felső szekrény 1 ajtós NNI;BS0102;1. ajtós szekrény
17583;TÁMLÁS SZÉK (DB);BU0605;Egyéb szék
11813;1 AJTÓS AKASZTÓS SZEKRÉNY (DB);BS0103;1 ajtós akasztós szekrény
11808;1 ajtós polcos iratszekrény;BS0102;1. ajtós szekrény
11774;Írósasztal 1134*67*75;BA0302;Kisméretű íróasztal
11927;FAVÁZAS TÁMLÁSSZÉK cseresznye;BU0601;Favázas támlásszék
11913;ÉJJELISZEKRÉNY (DB);BS9903;Éjjeli szekrény
11817;1 AJTÓS AKASZTÓS SZEKRÉNY (DB);BS0103;1 ajtós akasztós szekrény
11805;GÖRGŐS IRATSZEKRÉNY 3+1;BS0603;Görgős irattároló
11776;Írósasztal 1134*67*75;BA0302;Kisméretű íróasztal
18338;Konferencia asztal NNI;BA0701;Tárgyalóasztal klf.
18433;Rekeszes kulcstartó szekrény;BS9920;Szekrény egyéb klf.
17891;Bükk 90 fokos ív NNI;BA0401;Íves elem klf.
14862;FIÓKOS TÁROLÓ, bükk;BS0604;Görgős irattároló asztal melletti
14987;TÁMLÁS SZÉK bükk, bordó kárpittal;BU0601;Favázas támlásszék
14866;FIÓKOS TÁROLÓ, bükk;BS0604;Görgős irattároló asztal melletti
15039;FÉMVÁZAS SZÉK szövet nélkül;BU0603;Fémvázas támlásszék
18305;Minikonyha mosogatótálcás NNI;EH9907;Mini Konyha
19375;Vízforraló Philips HD3950/91;EH0501;Vízforraló
19353;Zanussi hűtőszekrény ZRG 15805WA;EH0204;Háztartási hűtőszekrény
19395;Mikrohullámú sütő Hausmeister Diana;EH0303;Mikrohullámú sütő klf. egyéb
18262;Cseresznye vezetői felsőszekrény NNI;BS0501;1. ajtós felső szekrény
19626;ADJ-H32 L3/K2 rejtett lövedékálló mellén;EF0406;Rejtett viselésű lövedékálló mellény
19607;ADJ-H32 L3/K2 rejtett lövedékálló mellén;EF0406;Rejtett viselésű lövedékálló mellény
19605;ADJ-H32 L3/K2 rejtett lövedékálló mellén;EF0406;Rejtett viselésű lövedékálló mellény
19601;ADJ-H32 L3/K2 rejtett lövedékálló mellén;EF0406;Rejtett viselésű lövedékálló mellény
19627;ADJ-H32 L3/K2 rejtett lövedékálló mellén;EF0406;Rejtett viselésű lövedékálló mellény
15038;GÖRGŐS SZÉK vezetői, bőr;BU0501;Irodai forgószék
15025;TÁMLÁS SZÉK cseresznye, bordó kárpittal;BU0601;Favázas támlásszék
15008;FIÓKOS TÁROLÓ vezetői, cseresznye;BS0604;Görgős irattároló asztal melletti
17534;Vezetői íróasztal (DB);BA0305;Nagyméretű íróasztal
15420;Akasztós szekrény 1 ajtós bükk (NNI);BS0103;1 ajtós akasztós szekrény
17672;FÉMVÁZAS SZÉK . (DB);BU0603;Fémvázas támlásszék
18197;Bordó szövet kárpitos görgős szék NNI;BU0602;Favázas karosszék
17789;Bükk íróasztal NNI;BA0305;Nagyméretű íróasztal
19439;KÁVÉFŐZŐ De-Lomghi EC5.1;EH0103;Kávéfőző
15069;MINIKONYHA mosogatótálcás;EH9907;Mini Konyha
19367;Vízforraló Philips HD3950/91;EH0501;Vízforraló
19260;Gorenje kombinálthűtő R611;EH0204;Háztartási hűtőszekrény
19415;Szendvicssütő Sencor SSM 4220SS;EH9707;Szendvicssűtő
18107;Bükk felső szekrény 1 ajtós NNI;BS0102;1. ajtós szekrény
17686;FÉMVÁZAS SZÉK . (DB);BU0603;Fémvázas támlásszék
19393;Mikrohullámú sütő Hausmeister Diana;EH0303;Mikrohullámú sütő klf. egyéb
15077;MINIKONYHA mosogatótálcás;EH9907;Mini Konyha
5034;Szarvasi SZV 623 kávéfőző;EH0103;Kávéfőző
7689;Fényhíd;JT9901;Egyéb gépjármű  tartozék, alkatrész
19197;DELONGHI KÁVÉFŐZŐ;EH0103;Kávéfőző
19200;DIANA mikrohullámú sütő;EH0303;Mikrohullámú sütő klf. egyéb
19734;ADJ-H32-K L3/K2 rejtett lövedékálló mell;EF0406;Rejtett viselésű lövedékálló mellény
19646;ADJ-H32 L3/K2 rejtett lövedékálló mellén;EF0406;Rejtett viselésű lövedékálló mellény
19647;ADJ-H32 L3/K2 rejtett lövedékálló mellén;EF0406;Rejtett viselésű lövedékálló mellény
19648;ADJ-H32 L3/K2 rejtett lövedékálló mellén;EF0406;Rejtett viselésű lövedékálló mellény
19649;ADJ-H32 L3/K2 rejtett lövedékálló mellén;EF0406;Rejtett viselésű lövedékálló mellény
19650;ADJ-H32 L3/K2 rejtett lövedékálló mellén;EF0406;Rejtett viselésű lövedékálló mellény
8027;"Garmin GPS 7.0""Navigációs készülék";SS9901;GPS navigációs eszköz
669;Iratmegsemmisítő Dahle;KI0400;Iratmegsemmisítő
20540;DDOptic Pirschler keresőtávcső;EE1101;Nappali figyelő-felderítő eszközök
9533;XEROX C7025 színes másológép;KI0301;Fekete-fehér fénymásolók
15659;Támlás szék bordó szövettel (NNI);BU0601;Favázas támlásszék
15610;Felső szekrény 1 ajtós bükk (NNI);BS0501;1. ajtós felső szekrény
19374;Vízforraló Philips HD3950/91;EH0501;Vízforraló
17933;Bükk 90 fokos ív NNI;BA0401;Íves elem klf.
15004;TÁMLÁS SZÉK bükk, bordó kárpittal;BU0601;Favázas támlásszék
18043;Bökk 1 jatós iratszekrény NNI;BS0102;1. ajtós szekrény
19392;Mikrohullámú sütő Hausmeister Diana;EH0303;Mikrohullámú sütő klf. egyéb
18439;Rekeszes kulcstartó szekrény;BS9920;Szekrény egyéb klf.
18266;Cseresznye vezetői felsőszekrény NNI;BS0501;1. ajtós felső szekrény
17564;SZÁMÍTÓGÉPASZTAL (DB);BA0600;Számítógépasztal
15272;Íróasztal bükk 134 cm (NNI);BA0302;Kisméretű íróasztal
15442;Fiókos tároló bükk (NN);BS0604;Görgős irattároló asztal melletti
17128;2 AJTÓS IRATSZEKRÉNY (DB);BS0202;2. ajtós szekrény
16997;FELSŐSZEKRÉNY Vezetői 2 ajtós;BS0501;1. ajtós felső szekrény
15066;GÖRGŐS SZÉK vezetői, bőr;BU0501;Irodai forgószék
19739;ADJ-H32-K L3/K2 rejtett lövedékálló mell;EF0406;Rejtett viselésű lövedékálló mellény
19740;ADJ-H32-K L3/K2 rejtett lövedékálló mell;EF0406;Rejtett viselésű lövedékálló mellény
19708;ADJ-H32 L3/K2 rejtett lövedékálló mellén;EF0406;Rejtett viselésű lövedékálló mellény
7766;2 kazettás magnó Panasonic;KH0103;Kazettás magnó
16826;FELSŐSZEKRÉNY  (DB);BS0501;1. ajtós felső szekrény
15029;FIÓKOS TÁROLÓ vezetői, cseresznye;BS0604;Görgős irattároló asztal melletti
15012;FIÓKOS TÁROLÓ vezetői, cseresznye;BS0604;Görgős irattároló asztal melletti
18264;Cseresznye vezetői felsőszekrény NNI;BS0501;1. ajtós felső szekrény
19280;De Longi kávéfőző EC5.1;EH0103;Kávéfőző
16993;FELSŐSZEKRÉNY Vezetői 2 ajtós;BS0501;1. ajtós felső szekrény
15020;FIÓKOS TÁROLÓ vezetői, cseresznye;BS0604;Görgős irattároló asztal melletti
19593;ADJ-H32 L3/K2 rejtett lövedékálló mellén;EF0406;Rejtett viselésű lövedékálló mellény
17041;Mini Konyha (DB) mosogatótálcás;EH9907;Mini Konyha
19394;Mikrohullámú sütő Hausmeister Diana;EH0303;Mikrohullámú sütő klf. egyéb
13589;gorenje;EE9900;Egyéb gép, berendezés, felszerelés
18379;Drón hőkamerával, tartozékokkal;KE0401;Egyéb hiradástechnikai eszközök
23355;Drogmérleg;EH1299;Különféle egyéb mérleg
23356;Drogmérleg;EH1299;Különféle egyéb mérleg
9148;Külső DVD Író Transcend USB 2.0;SS9902;Egyéb számítástechnikai eszközök
7180;VAKU NIKON;KK0804;Vaku
7251; MONITOR;SS0202;Monitor LCD
2503;DOHÁNYZÓ ASZTAL (DB);BA0101;Dohányzó asztal klf.
17132;2 AJTÓS IRATSZEKRÉNY (DB);BS0202;2. ajtós szekrény
18340;Konferencia asztal NNI;BA0701;Tárgyalóasztal klf.
16566;Irodai asztal;BA0307;Íróasztal klf. egyéb
16757;1 AJTÓS AKASZTÓS SZEKRÉNY (DB);BS0103;1 ajtós akasztós szekrény
18044;Bökk 1 jatós iratszekrény NNI;BS0102;1. ajtós szekrény
7933;"2TB 3,5"" HDD KÜLSŐ merevlemez";SE1402;HDD > 500 GB
7893;"4TB 3,5"" HDD KÜLSŐ merevlemez";SE1402;HDD > 500 GB
7934;"2TB 3,5"" HDD KÜLSŐ merevlemez";SE1402;HDD > 500 GB
16803;1 AJTÓS IRATSZEKRÉNY (DB);BS0102;1. ajtós szekrény
15392;Fiókos tároló bükk (NNI);BS0604;Görgős irattároló asztal melletti
19281;De Longi kávéfőző EC5.1;EH0103;Kávéfőző
20176;Álló ventillátor;EE1302;Álló ventilátor
15635;Támlás szék bordó szövettel (NNI);BU0601;Favázas támlásszék
23828;Winchester külső 2,5 1TB;SS9902;Egyéb számítástechnikai eszközök
5868;DAHLE 22114 IRATMEGSEMMISÍTŐ;KI0400;Iratmegsemmisítő
19416;Szendvicssütő Sencor SSM 4220SS;EH9707;Szendvicssűtő
13015;biztonsági tároló;BS0905;Értékmegőrző szekrény
19547;AN-UP 2016 L4/K2 külső löv.álló mellény;EF0402;Külső viselésű lövedékálló mellény
11270;GÖRGŐS IRATSZEKRÉNY BÜKK (DB);BS0603;Görgős irattároló
18478;Dohányzóasztal cseresznye;BA0101;Dohányzó asztal klf.
18479;Alul fa, felül üvegajtós polcos szekrény;BS9920;Szekrény egyéb klf.
20018;Állványos elekt. kézfertőtlenítő adagoló;EL0000;Labortechnikai eszközök
9964;Támlásszék Iso Full Crom (KR);BU0603;Fémvázas támlásszék
10074;ÉJJELISZEKRÉNY (DB);BS9903;Éjjeli szekrény
19670;ADJ-H32 L3/K2 rejtett lövedékálló mellén;EF0406;Rejtett viselésű lövedékálló mellény
19746;ADJ-H32-K L3/K2 rejtett lövedékálló mell;EF0406;Rejtett viselésű lövedékálló mellény
6780;"Monitor 22"" SamsungLED LCD";SS0202;Monitor LCD
20019;Állványos elekt. kézfertőtlenítő adagoló;EL0000;Labortechnikai eszközök
19743;ADJ-H32-K L3/K2 rejtett lövedékálló mell;EF0406;Rejtett viselésű lövedékálló mellény
14352;HAUSMEISTER mikrohullámú sütő;EH0303;Mikrohullámú sütő klf. egyéb
15806;Irattároló fémszekrény 4 polcos;BS9906;Fém szekrény klf.
19257;Gorenje asztali hűtőszekrény RB 4092A;EH0204;Háztartási hűtőszekrény
19597;ADJ-H32 L3/K2 rejtett lövedékálló mellén;EF0406;Rejtett viselésű lövedékálló mellény
19599;ADJ-H32 L3/K2 rejtett lövedékálló mellén;EF0406;Rejtett viselésű lövedékálló mellény
19600;ADJ-H32 L3/K2 rejtett lövedékálló mellén;EF0406;Rejtett viselésű lövedékálló mellény
14909;1 AJTÓS IRATSZEKRÉNY bükk 160x60x40;BS0102;1. ajtós szekrény
18255;Akasztós szekrény vezetői cseresznye NNI;BS0103;1 ajtós akasztós szekrény
18268;Cseresznye vezetői felsőszekrény NNI;BS0501;1. ajtós felső szekrény
17546;Vezetői íróasztal (DB);BA0305;Nagyméretű íróasztal
14011;Irattároló szekrény;BS0102;1. ajtós szekrény
17650;TÁRGYALÓASZTAL (DB);BA0701;Tárgyalóasztal klf.
13078;GÖRGŐS IRATSZEKRÉNY BÜKK (DB);BS0603;Görgős irattároló
13063;SZÁMÍTÓGÉPASZTAL BÜKK (DB);BA0601;Számítógépasztal
14331;ASZTALI LÁMPA (DB);KI0101;Asztali-,állólámpa, csillár
13075;GÖRGŐS IRATSZEKRÉNY BÜKK (DB);BS0603;Görgős irattároló
17237;90 FOKOS ÍV BÜKK (DB);BA0401;Íves elem klf.
13136;1 AJTÓS LEMEZ IRATSZEKRÉNY 180x50;BS0902; 1. ajtós vaslemez iratszekrény
13112;1 ajtós felsőszekrény bükk;BS0501;1. ajtós felső szekrény
13160;forgatható karosszék szövet kárpittal;BU0501;Irodai forgószék
13090;1 AJTÓS IRATSZEKRÉNY BÜKK (DB);BS0102;1. ajtós szekrény
14136;ÁLLÓ RUHAFOGAS fém (DB);BE0201;Álló ruhafogas klf.
13218;SZÁMÍTÓGÉPASZTAL (DB);BA0600;Számítógépasztal
13070;SZÁMÍTÓGÉPASZTAL BÜKK (DB);BA0601;Számítógépasztal
13086;GÖRGŐS IRATSZEKRÉNY BÜKK (DB);BS0603;Görgős irattároló
13055;ÍRÓASZTAL 134 CM-ES BÜKK (DB);BA0302;Kisméretű íróasztal
13102;1 AJTÓS IRATSZEKRÉNY BÜKK (DB);BS0102;1. ajtós szekrény
18202;Bordó szövet kárpitos görgős szék NNI;BU0602;Favázas karosszék
15233;1 AJTÓS FELSŐSZEKRÉNY bükk 75x60x40;BS0501;1. ajtós felső szekrény
17373;BÜKK FIÓKOS TÁROLÓ (DB);BS0604;Görgős irattároló asztal melletti
17190;ÍRÓASZTAL (DB);BA0305;Nagyméretű íróasztal
14800;90 FOKOS ÍV, bükk 67x67x75;BA0401;Íves elem klf.
15016;FIÓKOS TÁROLÓ vezetői, cseresznye;BS0604;Görgős irattároló asztal melletti
18271;Cseresznye vezetői felsőszekrény NNI;BS0501;1. ajtós felső szekrény
14928;1 AJTÓS IRATSZEKRÉNY bükk 160x60x40;BS0102;1. ajtós szekrény
13053;ÍRÓASZTAL 134 CM-ES BÜKK (DB);BA0302;Kisméretű íróasztal
13096;1 AJTÓS IRATSZEKRÉNY BÜKK (DB);BS0102;1. ajtós szekrény
13118;1 ajtós felsőszekrény bükk;BS0501;1. ajtós felső szekrény
11627;90 FOKOS ÍV CSERESZNYE;BA0401;Íves elem klf.
21168;90 fokos ív bükk;BA0401;Íves elem klf.
3996;PC FS ESPRIMO E410 G1610;SS0100;Asztali számítógép
5356;Kenyérpírító;EH9708;Egyéb elektromos háztartási asztali eszk
19584;ADJ-H32 L3/K2 rejtett lövedékálló mellén;EF0406;Rejtett viselésű lövedékálló mellény
19253;Gorenje asztali hűtőszekrény RB 4092A;EH0204;Háztartási hűtőszekrény
19378;Vízforraló Philips HD3950/91;EH0501;Vízforraló
19282;De Longi kávéfőző EC5.1;EH0103;Kávéfőző
19256;Gorenje asztali hűtőszekrény RB 4092A;EH0204;Háztartási hűtőszekrény
19264;Gorenje kombinálthűtő R611;EH0204;Háztartási hűtőszekrény
17647;MINIKONYHA MOSOGATÓTÁLCÁS (DB);BS0705;Konyhaszekrény
18554;IRATTÁROLÓ FÉMSZEKRÉNY 4 polcos;BS9920;Szekrény egyéb klf.
17523;GÖRGŐS SZÉK (DB);BU0605;Egyéb szék
13170;ÉTKEZŐASZTAL 6 SZEMÉLYES (DB);BA0202;Étkező asztal 6. személyes
5764;LED LÁMPA;EE2299;egyéb világítástechnikai eszközök
13167;ÉJJELISZEKRÉNY bükk;BS9903;Éjjeli szekrény
14198;Álló ventillátor HAUSER F-44;EE1302;Álló ventilátor
13187;FAVÁZAS TÁMLÁSSZÉK SZÖVET KÁRPITTAL (DB);BU0601;Favázas támlásszék
18303;Minikonyha mosogatótálcás NNI;EH9907;Mini Konyha
19284;De Longi kávéfőző EC5.1;EH0103;Kávéfőző
19354;Zanussi hűtőszekrény ZRG 15805WA;EH0204;Háztartási hűtőszekrény
19396;Mikrohullámú sütő Hausmeister Diana;EH0303;Mikrohullámú sütő klf. egyéb
19262;Gorenje kombinálthűtő R611;EH0204;Háztartási hűtőszekrény
15725;Támlás szék bordó szövettel (NNI);BU0601;Favázas támlásszék
3389;KONFERENCIA ASZTAL /ÖSSZECSUKHATÓ (DB);BA0701;Tárgyalóasztal klf.
19585;ADJ-H32 L3/K2 rejtett lövedékálló mellén;EF0406;Rejtett viselésű lövedékálló mellény
13606;Fényhíd;JT9901;Egyéb gépjármű  tartozék, alkatrész
18441;Rekeszes kulcstartó szekrény;BS9920;Szekrény egyéb klf.
13241;ÉTKEZŐASZTAL 6 SZEMÉLYES (DB);BA0202;Étkező asztal 6. személyes
8737;Szarvasi kávéfőző;EH0103;Kávéfőző
20020;Állványos elekt. kézfertőtlenítő adagoló;EL0000;Labortechnikai eszközök
11656;1 AJTÓS POLCOS IRATSZEKRÉNY;BS0102;1. ajtós szekrény
11662;1 AJTÓS AKASZTÓS SZEKRÉNY;BS0103;1 ajtós akasztós szekrény
11690;FAVÁZAS TÁMLÁSSZÉK SZÖVET KÁRPITTAL;BU0601;Favázas támlásszék
11637;ÍRÓASZTAL 134 CM-ES BÜKK;BA0302;Kisméretű íróasztal
11667;1 AJTÓS FELSŐ SZEKRÉNY;BS0501;1. ajtós felső szekrény
11691;FAVÁZAS TÁMLÁSSZÉK SZÖVET KÁRPITTAL;BU0601;Favázas támlásszék
11705;TÁRGYALÓASZTAL cseresznye 6 szem.;BA0701;Tárgyalóasztal klf.
11652;GÖRGŐS IRATSZEKRÉNY BÜKK;BS0603;Görgős irattároló
11664;1 AJTÓS AKASZTÓS SZEKRÉNY;BS0103;1 ajtós akasztós szekrény
17932;Bükk 90 fokos ív NNI;BA0401;Íves elem klf.
384;Töltő-ürítő lövedékcsapda;EE1011;Lövedékmegfogó berendezés
1044;Fotelágy (DB);BE0107;Fotelágy
976;Szarvasi espresso kávéfőző;EH9708;Egyéb elektromos háztartási asztali eszk
1966;Laptop - Dell Vostro 3568;SS03;Laptop
4108;Monitor - LG IPS;SS02;Monitor
3888;Laptop - Dell Vostro 3500;SS03;Laptop
1944;Laptop - Dell Vostro 3568;SS03;Laptop
1925;Laptop - Dell Vostro 3568;SS03;Laptop
1386;Laptop Dell Inspiron 15;SS03;Laptop
1667;Monitor - Dell Inspiron 5559;SS02;Monitor
2627;"Monitor- DELL LCD Monitor 23""";SS02;Monitor
1421;Laptop Dell Inspiron;SS03;Laptop
2662;Projektor - BENQ MW535;KK01;Projektor
1941;Laptop - Dell Vostro 3568;SS03;Laptop
1422;Laptop Dell Inspiron;SS03;Laptop
4120;Monitor - LG IPS;SS02;Monitor
3350;Laptop - Dell NB Vostro 3590;SS03;Laptop
1904;Projektor - CP-X3042WN;KK01;Projektor
2681;Monitor - AOC I2490VXQ/BT;SS02;Monitor
2462;Mosógép- Electrolux EWS1276CI;EH13;Mosógép
1423;Laptop DELL Inspiron 15;SS03;Laptop
1939;Laptop - Dell Vostro 3568;SS03;Laptop
3673;Laptop - ASUS VivoBook S15;SS03;Laptop
2160;"Laptop - Acer 11.6"" HD Intel Celeron";SS03;Laptop
1644;SWITCH LINKSYS 8 PORTOS EZXS88W;SH05;Switch
3852;Laptop - DELL Latitude 3520;SS03;Laptop
1947;Laptop - Dell Vostro 3568;SS03;Laptop
1427;Laptop DELL Inspiron;SS03;Laptop
1946;Laptop - Dell Vostro 3568;SS03;Laptop
3045;"Monitor- LG IPS 23,8""";SS02;Monitor
1972;Laptop - Dell Vostro 3568;SS03;Laptop
2716;Laptop - Dell G3 15 Gaming Black;SS03;Laptop
3276;Laptop - ACER Nitro 5;SS03;Laptop
1905;Monitor - AOC Gaming LED;SS02;Monitor
2796;Monitor - PHILIPS 243V7QJABF;SS02;Monitor
3043;Laptop- ASUS VivoBook S15;SS03;Laptop
49;SWITCH CISCO SE2500;SH02;Switch, Hub, Gateway
2544;Laptop- DELL Vostro 3568;SS03;Laptop
3564;"Monitor Dell P2419H 24"" LED";SS02;Monitor
2503;Monitor- LG LED monitor;SS02;Monitor
2680;Laptop - Dell Vostro 3568;SS03;Laptop
3013;Notebook - ASUS VivoBook 15X 512FA-BQ685;SS03;Laptop
2529;Monitor- Philips 243V7QDAB/00 LED;SS02;Monitor
1867;Monitor - DELL LCD;SS02;Monitor
3126;Számítógép- ASUS VivoMini PC;SS03;Laptop
2825;Monitor - Philips 243V7QJABF/00;SS02;Monitor
2992;Laptop- ASUS FX505DYAL071;SS03;Laptop
2991;Laptop- ASUS ROG-STRIX-RTX2060-O6G;SS03;Laptop
768;asztal kiegészítő 90 fokos elem;BA04;Kiegészítők asztalhoz
1443;Számitógép DELL Optiplex 7020MT;SS03;Laptop
2788;Monitor - Dell S2419H;SS02;Monitor
93;CANON FÉNYMÁSOLÓ;KI02;Fénymásoló, Multifunkciós eszköz
2986;Laptop- Lenovo Thinkpad T460s;SS03;Laptop
3065;Számítógép- ASUS VivoMini UN65U-M005M;SS01;Számítógép
2538;Számítógép-  DELL Optiplex 3050 Small;SS01;Számítógép
2981;Laptop- ACER Swift 3;SS03;Laptop
1754;Laptop - Dell Optiplex 3040MT;SS03;Laptop
1902;Számítógép - DELL PC Optiplex;SS01;Számítógép
3072;Nyomtató - Canon PIXMA MG2555S B;SN01;Nyomtató
2479;Számítógép;SS01;Számítógép
2958;"Laptop- ASUS X512FB-BQ219 15.6""";SS03;Laptop
3135;Monitor- Philips 243V7QJABF;SS02;Monitor
2525;Számítógép;SS01;Számítógép
1758;Laptop - Dell Optiplex 3040MT;SS03;Laptop
2806;Monitor - ASUS VivoBook 15 szürke;SS03;Laptop
2536;Laptop- DELL Vostro 3568;SS03;Laptop
2543;Számítógép-  Imperium Core i5;SS01;Számítógép
2838;Monitor - LG 29UM69G LED;SS02;Monitor
3336;Monitor - DELL P2419H;SS02;Monitor
2542;Számítógép-  DELL Optiplex 3050 Small;SS01;Számítógép
2765;Laptop - NAVON Loop 360;SS03;Laptop
3980;Asztal - Hoxo sarkos FalproVOG;BA99;Egyéb asztal
2833;Monitor - ASUS ROG Strix XG27VQ;SS02;Monitor
2738;Laptop - Lenovo T430 i5 3320M;SS03;Laptop
2659;Számítógép;SS01;Számítógép
3258;"Monitor- Philips IPS 23,8""";SS02;Monitor
2667;Számítógép - Acer Revo RN76;SS01;Számítógép
2754;Laptop - Lenovo Ideapad 330 81DE00WVHV;SS03;Laptop
2745;Laptop - Lenovo IdeaPad Y530 81FV00T5HV;SS03;Laptop
132;Monitor HP L2245wg;SS02;Monitor
1903;Projektor - EPSON EB-W05;KK01;Projektor
92;CANON FÉNYMÁSOLÓ iR1022iF;KI02;Fénymásoló, Multifunkciós eszköz
2748;"Monitor - Samsung 27"" C27HG70QQU";SS02;Monitor
3913;Laptop - Dell Latitude 5520;SS03;Laptop
2699;Laptop - LENOVO Ideapad D330;SS03;Laptop
3961;Konténer - FalproCON;BS06;Görgős, fiókos szekrény
2687;Számítógép - TOSHIBA 3TB;SS01;Számítógép
2698;Laptop - Asus VivoBook S530UN-BQ082;SS03;Laptop
3246;Számítógép- DELL Precision T7810;SS01;Számítógép
2661;Monitor- LG 24MP88HV-S;SS02;Monitor
2671;Monitor - AOC IPS;SS02;Monitor
2688;Számítógép - ASUS VivoMini PC PN40;SS01;Számítógép
2760;Számítógép - Intel Core i5;SS01;Számítógép
2987;"Monitor- AOC 32""";SS02;Monitor
2790;Számítógép - INTEL i5;SS01;Számítógép
3453;Monitor - DELL P2720D;SS02;Monitor
3594;Dell Latitude 3510 notebook Ci5;SS03;Laptop
3334;Számítógép - Dell Optiplex 3070minitower;SS01;Számítógép
2841;Számítógép - ASUS;SS01;Számítógép
3019;Számítógép - Fujitsu Celsius R670;SS01;Számítógép
3440;Monitor - DELL U2719DC;SS02;Monitor
3023;Számítógép - AMD Ryzen 5;SS01;Számítógép
3441;Monitor - DELL U2719DC;SS02;Monitor
2664;Laptop - Asus TUF Gaming FX504GE;SS03;Laptop
2650;Laptop- ASUS UX331UA;SS03;Laptop
2457;Laptop- ACER TravelMate B117-M-P16Q;SS03;Laptop
3060;Laptop- HP 255 G7;SS03;Laptop
3077;Laptop - ASUS UX331FN-EG023T;SS03;Laptop
3721;Laptop - Acer Aspire 5830;SS03;Laptop
2632;LAptop- ASUS Zenbook Flip UX360CA;SS03;Laptop
3035;Számítógép- Fujitsu Celsius R920;SS01;Számítógép
3081;Számítógép - AMD Ryzen 3;SS01;Számítógép
3461;Számítógép - Sistem Tower I5 Supernova;SS01;Számítógép
1901;Számítógép - DELL PC Optiplex;SS01;Számítógép
3814;Szék - TEODORES;BU01;Szék
3976;Asztal - Hoxo sarkos FalproVOG;BA99;Egyéb asztal
3962;Konténer - FalproCON;BS06;Görgős, fiókos szekrény
3940;Szék - SE-CLOUL20 karfás tárgyaló;BU01;Szék
3941;Szék - SE-CLOUL20 karfás tárgyaló;BU01;Szék
3977;Asztal - Hoxo sarkos FalproVOG;BA99;Egyéb asztal
1447;LAPTOP DELL Optiplex 7020MT;SS03;Laptop
2654;"Monitor- AOC IPS 23,8"" I2490VXQ/BT";SS02;Monitor
2548;Laptop- ASUS X540LA;SS03;Laptop
2805;Monitor - ASUS X543UA-DM1706 szürke;SS03;Laptop
1922;Számítógép - DELL PC Optiplex;SS01;Számítógép
3435;Számítógép - PST i5-10600KF;SS01;Számítógép
3280;Számítógép - Raspberry Pi 4;SS01;Számítógép
3263;Számítógép - ASUS ROG Strix B550-F;SS01;Számítógép
3554;Számítógép Dell Optiplex 3080 MT W10 Pro;SS01;Számítógép
2994;Számítógép- DELL PC Optiplex 3070 MT;SS01;Számítógép
2741;Monitor - LG 27UK850-W;SS02;Monitor
2708;Monitor - Asus VG279Q;SS02;Monitor
2773;Monitor - LG 27MP59G-P;SS02;Monitor
2789;Monitor - LG IPS gamer;SS02;Monitor
2427;Laptop- ACER TravelMate B117-M-P16Q;SS03;Laptop
1885;"Laptop- DELL Inspiron 5567 15,6"" HD";SS03;Laptop
3604;Apple MAC Mini számítógép;SS01;Számítógép
2513;Laptop- LEN 80WK0099HV 15.6;SS03;Laptop
2508;Ideapad- Lenovo Legion Y520;SS03;Laptop
2506;Laptop- ACER Aspire 5 A515-51G-58G3;SS03;Laptop
2455;Laptop- ACER TravelMate B117-M-P16Q;SS03;Laptop
2555;Laptop- HP ProBook 440 GS;SS03;Laptop
2556;Laptop- HP 250 G6 Notebook;SS03;Laptop
2452;Laptop- ACER TravelMate B117-M-P16Q;SS03;Laptop
2451;Laptop- ACER TravelMate B117-M-P16Q;SS03;Laptop
3229;Számítógép - Dell Optiplex 3070;SS01;Számítógép
2995;Számítógép- DELL PC Optiplex 3070 MT;SS01;Számítógép
2450;Laptop- ACER TravelMate B117-M-P16Q;SS03;Laptop
3925;Szék - CINQUE ALTO I forgó;BU01;Szék
3981;Asztal - körasztal FalproVOG;BA99;Egyéb asztal
1643;SWITCH LINKSYS 8 PORTOS EZXS88W;SH05;Switch
2751;Tároló - DELL PowerVault SCv3020;SE19;Külső tároló eszköz egyéb
2749;Szerver - DELL R440;SS05;Szerver
3982;Asztal - FalproVOG;BA99;Egyéb asztal
3809;Vetítőrendszer - DLP;KK02;Vetítővászon
3550;Dell PV114X mentőegység - szalagos;SE99;Egyéb informatikai eszköz
3770;Televízió - LG 55UN74003LB LED;KV04;Televízió
1746;Szerver - Dell PowerEdge R530;SS05;Szerver
1745;Szerver - Dell PowerEdge R220;SS05;Szerver
3936;Szék - CINQUE ALTO I forgó;BU01;Szék
3966;Asztal - Hoxo sarkos FalproVOG;BA99;Egyéb asztal
1899;Szerver-Dell Power Edge R530+mentőegység;SS05;Szerver
3942;Szék - SE-CLOUL20 karfás tárgyaló;BU01;Szék
3812;Asztal - VANGSTA;BA99;Egyéb asztal
3965;Konténer - FalproCON;BS06;Görgős, fiókos szekrény
707;Switch Cisco SG200-50 SLM2048T;SH05;Switch
3059;Monitor-  Samsung LC27;SS02;Monitor
1813;Fénymásoló - KYOCERA Ecosys M2030DN;KI02;Fénymásoló, Multifunkciós eszköz
3810;Kávéfőző - DeLonghi ESAM2600;EH01;Kávéfőző
3811;Mikrohullámú sütő - Sharp YC-MS01ES;EH03;Mikrohullámú sütő
3024;Monitor - Samsung ívelt LED monitor;SS02;Monitor
2990;Monitor- Samsung SL-M2070W;SS02;Monitor
3182;SZÁMÍTÓGÉP-  PST R9-3900X/32GB/1TB;SS01;Számítógép
2984;Monitor- LG 24MP59G-P Gaming LED;SS02;Monitor
3083;Számítógép - AMD Ryzen 7 3700X;SS01;Számítógép
1519;"Monitor - ASUS VS247HR 24""";SS02;Monitor
2679;Monitor - Samsung C24FG70FQU;SS02;Monitor
2702;Monitor - Samsung LC32HG70QQUXEN;SS02;Monitor
2442;Laptop- ACER TravelMate B117-M-P16Q;SS03;Laptop
1772;Notebook - Dell Inspiron 5559;SS03;Laptop
1824;Notebook - Dell Inspiron 5559;SS03;Laptop
3212;Projektor - Epson EB-W05;KK01;Projektor
2969;"Monitor- DELL LCD 24""";SS02;Monitor
3337;Monitor - DELL P2419H;SS02;Monitor
1825;Notebook - Dell Inspiron 5559;SS03;Laptop
3411;Laptop - Dell Latitude;SS03;Laptop
1827;Notebook - Dell Inspiron 5559;SS03;Laptop
3289;Mobiltelefon - Huawei P40 Lite DS;KT04;Mobiltelefon
3553;MikroTik Router Switch;SH01;Router
708;SWITCH HP V1910-16G;SH05;Switch
2469;Laptop- DELL Inspiron 15 3000 Black;SS03;Laptop
2504;"Laptop- DELL Inspiron 7577 15.6"" FHD";SS03;Laptop
1387;LAPTOP DELL INSPIRON N5110;SS03;Laptop
1394;Laptop Dell Inspiron N5010;SS03;Laptop
1384;Laptop-Dell NB Inspiron;SS03;Laptop
1395;Laptop-Lenovo IdeOad G50-80;SS03;Laptop
1741;Laptop - Dell Inspiron 5559;SS03;Laptop
3063;"Notebook- HP 255 G7 15.6""";SS03;Laptop
2952;Notebook- ASUS X540UB-GQ758;SS03;Laptop
3068;Laptop - MSI GF63 Thin 9SC;SS03;Laptop
3201;Laptop - Lenovo Legion Y540;SS03;Laptop
3475;Laptop - HP15s-fq1036nh;SS03;Laptop
2686;Laptop - ASUS X540LA XX1032T;SS03;Laptop
2672;Laptop - ASUS E406-62T;SS03;Laptop
3099;Laptop - Acer Predator Helios 300;SS03;Laptop
2294;"Laptop - Acer 11.6"" HD Intel Celeron";SS03;Laptop
3447;Laptop - Asus VivoBook S15;SS03;Laptop
3309;Laptop - LENOVO 81Y40088HV;SS03;Laptop
3249;Laptop- ASUS ROG Zephyrus G14;SS03;Laptop
3243;Laptop- LENOVO 15.6FHD Ryzen5-3500U 8GB;SS03;Laptop
3233;Laptop - HP 14s-DQ1004NH;SS03;Laptop
3232;Laptop - Asus VivoBook S14 S412FA;SS03;Laptop
3221;Laptop - ASUS ZenBook;SS03;Laptop
3220;Laptop - ASUS FX506IU-AL404C;SS03;Laptop
3419;Laptop - ASUS TUF;SS03;Laptop
3365;Laptop - Lenovo IdeaPad;SS03;Laptop
2446;Laptop- ACER TravelMate B117-M-P16Q;SS03;Laptop
3330;Laptop - Lenovo V15-ADA;SS03;Laptop
1429;Laptop Dell Inspiron;SS03;Laptop
1430;Laptop DELL Inspiron 15;SS03;Laptop
3323;Laptop - ASUS FX506II-AL133T;SS03;Laptop
3314;Laptop - ASUR ROG Strix G15;SS03;Laptop
1433;Laptop DELL Inspiron 15;SS03;Laptop
3311;Laptop - ASUS VivoBook X512JA;SS03;Laptop
48;Switch Aten Masterwie KVM Cs88A;SE99;Egyéb informatikai eszköz
1646;SWITCH LINKSYS 4 portos wireles wrtg54gl;SH05;Switch
3492;Notebook - HP 14-dik1002nh;SS03;Laptop
3494;Notebook - Asus Vivobook X509JA;SS03;Laptop
3708;Laptop - HP 250 G8;SS03;Laptop
3821;Laptop - HP15;SS03;Laptop
3781;Laptop - Lenovo;SS03;Laptop
3780;Laptop - ASUS ZenBook Flip 13;SS03;Laptop
2557;Laptop- DELL NB Vostro 3568;SS03;Laptop
2511;Laptop- DELL Inspiron G5;SS03;Laptop
3745;Laptop - LENOVO IdeaPad 5-15ALC05;SS03;Laptop
3739;Laptop - Lenovo IdeaPad 3;SS03;Laptop
4119;Monitor - LG IPS;SS02;Monitor
4098;Laptop - DELL Latitude 3520;SS03;Laptop
3822;Laptop - ASUS ROG Strix SCAR;SS03;Laptop
3790;Laptop - AMD Ryzen 3;SS03;Laptop
3787;Laptop - ASUS TUF;SS03;Laptop
3044;"Monitor- LG IPS 23,8""";SS02;Monitor
