hiany_id;hiany_eszkoznev;hiany_muszakicsop;hiany_muszakicsopnev;tobblet_id;tobblet_eszkoznev;tobblet_muszakicsop;toblet_muszakicsopnev
41253;MUNKASZÉK (DB);BU0605;Egyéb szék;244213;Térdeplő szék;BU0605;Egyéb szék
144810;ÉJJELISZEKRÉNY (KR);BS9903;Éjjeli szekrény;254233;éjjeli szekrény;BS9903;Éjjeli szekrény
144831;ÉJJELISZEKRÉNY (KR);BS9903;Éjjeli szekrény;254328;éjjeliszekrény;BS9903;Éjjeli szekrény
144790;ÉJJELISZEKRÉNY (KR);BS9903;Éjjeli szekrény;254121;éjjeli szekrény bükk;BS9903;Éjjeli szekrény
147830;ÉTKEZŐASZTAL 60x80;BA0204;Étkező asztal klf. egyéb;254230;étkező asztal 4 személyes bükk;BA0201;Étkező asztal 4. személyes
147831;ÉTKEZŐASZTAL 60x80;BA0204;Étkező asztal klf. egyéb;254240;étkezőasztal 4 személyes bükk;BA0201;Étkező asztal 4. személyes
147840;ÉTKEZŐASZTAL 60x80;BA0204;Étkező asztal klf. egyéb;254324;4 személyes étkezőasztal bükk;BA0201;Étkező asztal 4. személyes
147817;ÉTKEZŐASZTAL 60x80;BA0204;Étkező asztal klf. egyéb;254080;étkező asztal 4 személyes;BA0201;Étkező asztal 4. személyes
147818;ÉTKEZŐASZTAL 60x80;BA0204;Étkező asztal klf. egyéb;254090;étkezőasztal 4 személyes;BA0201;Étkező asztal 4. személyes
147843;ÉTKEZŐASZTAL 60x80;BA0204;Étkező asztal klf. egyéb;253734;asztal;BA0201;Étkező asztal 4. személyes
147844;ÉTKEZŐASZTAL 60x80;BA0204;Étkező asztal klf. egyéb;253742;4 szem. asztal;BA0201;Étkező asztal 4. személyes
147845;ÉTKEZŐASZTAL 60x80;BA0204;Étkező asztal klf. egyéb;253752;4 szem asztal;BA0201;Étkező asztal 4. személyes
147846;ÉTKEZŐASZTAL 60x80;BA0204;Étkező asztal klf. egyéb;253833;4 személyes asztal;BA0201;Étkező asztal 4. személyes
147787;ÉTKEZŐASZTAL 60x80;BA0204;Étkező asztal klf. egyéb;253722;étkezőasztal;BA0201;Étkező asztal 4. személyes
147777;ÉTKEZŐASZTAL 60x80;BA0204;Étkező asztal klf. egyéb;253606;étkező asztal;BA0201;Étkező asztal 4. személyes
147793;ÉTKEZŐASZTAL 60x80;BA0204;Étkező asztal klf. egyéb;253812;4 szem. étkezőasztal;BA0201;Étkező asztal 4. személyes
147799;ÉTKEZŐASZTAL 60x80;BA0204;Étkező asztal klf. egyéb;253883;étkezőasztal 4 szem.;BA0201;Étkező asztal 4. személyes
147789;ÉTKEZŐASZTAL 60x80;BA0204;Étkező asztal klf. egyéb;253772;4 szem étkezőasztal;BA0201;Étkező asztal 4. személyes
147790;ÉTKEZŐASZTAL 60x80;BA0204;Étkező asztal klf. egyéb;253782;4 szem. étkező asztal;BA0201;Étkező asztal 4. személyes
147805;ÉTKEZŐASZTAL 60x80;BA0204;Étkező asztal klf. egyéb;253953;étkezőasztal 4 szem;BA0201;Étkező asztal 4. személyes
147794;ÉTKEZŐASZTAL 60x80;BA0204;Étkező asztal klf. egyéb;253823;étkezőasztal 4;BA0201;Étkező asztal 4. személyes
147797;ÉTKEZŐASZTAL 60x80;BA0204;Étkező asztal klf. egyéb;253863;étkezőasztal 4 szem,;BA0201;Étkező asztal 4. személyes
147800;ÉTKEZŐASZTAL 60x80;BA0204;Étkező asztal klf. egyéb;253893;4 személyes étkezőasztal;BA0201;Étkező asztal 4. személyes
246655;FAVÁZAS TÁMLÁSSZÉK SZÖVET KÁRPITTAL (DB);BU0601;Favázas támlásszék;244360;Favázas támlásszékszövet kárpittal;BU0601;Favázas támlásszék
144190;FÉMVÁZAS TÁMLÁSSZÉK KLF. (KR);BU0603;Fémvázas támlásszék;253682;fémvázas szék;BU0601;Favázas támlásszék
144277;FÉMVÁZAS TÁMLÁSSZÉK KLF. (KR);BU0603;Fémvázas támlásszék;254144;fémvázas támlásszék;BU0603;Fémvázas támlásszék
144172;FÉMVÁZAS TÁMLÁSSZÉK KLF. (KR);BU0603;Fémvázas támlásszék;253601;fémvázas szék;BU0603;Fémvázas támlásszék
144239;FÉMVÁZAS TÁMLÁSSZÉK KLF. (KR);BU0603;Fémvázas támlásszék;253935;fémvázas szekrény;BU0603;Fémvázas támlásszék
144240;FÉMVÁZAS TÁMLÁSSZÉK KLF. (KR);BU0603;Fémvázas támlásszék;253944;fémvázas támlás szék;BU0603;Fémvázas támlásszék
144267;FÉMVÁZAS TÁMLÁSSZÉK KLF. (KR);BU0603;Fémvázas támlásszék;254084;fémvázasszék;BU0603;Fémvázas támlásszék
143708;ÁGYNEMŰTARTÓS HEVERŐ (KR);BE0109;Heverő;254147;egyszemélyes heverő;BE0109;Heverő
143677;ÁGYNEMŰTARTÓS HEVERŐ (KR);BE0109;Heverő;253988;heverő;BE0109;Heverő
134333;FORGATHATÓ KAROSSZÉK SZÖVET KÁRPIT (DB);BU0501;Irodai forgószék;246633;Irodai forgószék;BU0501;Irodai forgószék
150995;FORGÓSZÉK Klf. (DB);BU0501;Irodai forgószék;244477;Forgatható karosszék;BU0501;Irodai forgószék
197835;ADJ-H32 L3/K2 rejtett lövedékálló mellén;EF0406;Rejtett viselésű lövedékálló mellény;246215;ADJ-H32 L3/K2 rejtett löv.álló mellény;EF0402;Külső viselésű lövedékálló mellény
35182;Álló ruhafogas;BE0201;Álló ruhafogas klf.;46356;Álló ruhafogas;BE0201;Álló ruhafogas klf.
33483;Elválasztó paraván;BE0901;Elhelyezés kiegészítő eszközök;46349;Elválasztó paraván;BE0901;Elhelyezés kiegészítő eszközök
40026;Fotel;BU0101;Fotel klf.;46369;FOTEL;BU0101;Fotel klf.
41443;Görgős irattároló asztal melletti;BS0601;Alacsony fém görgős irattároló;46353;GÖRGŐS IRATSZEKRÉNY;BS0603;Görgős irattároló
34587;GÖRGŐS IRATSZEKRÉNY;BS0603;Görgős irattároló;46352;GÖRGŐS IRATSZEKRÉNY;BS0603;Görgős irattároló
46346;GÖRGŐS IRATSZEKRÉNY;BS0603;Görgős irattároló;45353;Görgős irattároló;BS0603;Görgős irattároló
34603;GÖRGŐS IRATSZEKRÉNY;BS0603;Görgős irattároló;45756;Görgős iratszekrény;BS0604;Görgős irattároló asztal melletti
35216;Telefon IP Cisco CP-7811 (sima);KT0300;IP telefon;46311;IP telefon;KT0300;IP telefon
35187;Telefon IP 7811 (sima);KT0300;IP telefon;46255;IP Telefon (ORFK);KT0300;IP telefon
35178;Telefon IP 7811 (sima);KT0300;IP telefon;45329;Telefon IP 7811 (sima);KT0300;IP telefon
34847;Telefon IP 7811 (sima);KT0300;IP telefon;46238;IP Telefon (sima);KT0300;IP telefon
35146;Telefon IP 7811 (sima);KT0300;IP telefon;45362;IP telefon;KT0300;IP telefon
34863;Telefon IP 7811 (sima);KT0300;IP telefon;45579;CISCO telefon;KT0300;IP telefon
34855;Telefon IP 7811 (sima);KT0300;IP telefon;45369;IP telefon, asztali;KT0300;IP telefon
35071;Telefon IP 7811 (sima);KT0300;IP telefon;45730;IP telefon SPA502G;KT0300;IP telefon
35076;Telefon IP 7811 (sima);KT0300;IP telefon;45735;CISCO asztali telefon IP;KT0300;IP telefon
35082;Telefon IP 7811 (sima);KT0300;IP telefon;45755;ASZTALI IP TELEFON CISCO;KT0300;IP telefon
34885;Telefon IP 7811 (sima);KT0300;IP telefon;45716;CISCO asztali telefon;KT0300;IP telefon
34889;Telefon IP 7811 (sima);KT0300;IP telefon;45721;ASCO asztali telefon;KT0300;IP telefon
34901;Telefon IP 7811 (sima);KT0300;IP telefon;45723;IP telefon CP-7811;KT0300;IP telefon
46237;Telefon IP 7811 (sima);KT0300;IP telefon;45582;CISCO;KT0300;IP telefon
34881;Telefon IP 7811 (sima);KT0300;IP telefon;45615;CISCO 7811 Telefon IP;KT0300;IP telefon
34898;Telefon IP 7811 (sima);KT0300;IP telefon;45722;ASCO asztali  telefon;KT0300;IP telefon
34888;Telefon IP 7811 (sima);KT0300;IP telefon;45719;Telefon IP 7811;KT0300;IP telefon
34886;Telefon IP 7811 (sima);KT0300;IP telefon;45717;CISCO asztali  telefon;KT0300;IP telefon
34967;Telefon IP 7811 (sima);KT0300;IP telefon;45734;CISCO sztali telefon IP;KT0300;IP telefon
34973;Telefon IP 7811 (sima);KT0300;IP telefon;45753;ASZTALI IP  TELEFON CISCO;KT0300;IP telefon
34980;Telefon IP 7811 (sima);KT0300;IP telefon;46083;Cisco IP Telefon 7811;KT0300;IP telefon
35022;Telefon IP 7811 (sima);KT0300;IP telefon;46316;Telefon IP Cisco CP-7811 (sima);KT0300;IP telefon
35080;Telefon IP 7811 (sima);KT0300;IP telefon;45743;CISCO asztali  telefon IP;KT0300;IP telefon
35131;Telefon IP 7811 (sima);KT0300;IP telefon;45340;IP TELEFON 7811 (SIMA);KT0300;IP telefon
33092;ÍRÓASZTAL;BA0302;Kisméretű íróasztal;46361;ÍRÓASZTAL;BA0307;Íróasztal klf. egyéb
33576;Irodai forgószék;BU0501;Irodai forgószék;45354;irodai forgószék;BU0501;Irodai forgószék
33579;Irodai forgószék;BU0501;Irodai forgószék;45751;FORGATHATÓ KAROSSZÉK;BU0501;Irodai forgószék
33153;ÍRÓASZTAL;BA0302;Kisméretű íróasztal;46355;ÍRÓASZTAL;BA0901;Írógépasztal különféle
479;EMELETESÁGY;BE0104;Emeletes ágy;926;EMELETES ÁGY;BE0104;Emeletes ágy
715;Emeletes ágy;BE0113;Egyéb fekvőbútorok;925;EMELETES ÁGY;BE0104;Emeletes ágy
646;Vízforraló  SENCOR;EH0501;Vízforraló;905;VÍZFORRALÓ SENCOR;SN0699;Multifunkciós nyomtató egyéb
794;AN-UP 2016 L4/K2 külső löv.álló mellény;EF0402;Külső viselésű lövedékálló mellény;957;AN-UP 2016 L4/K2 külső löv.álló mell. L;EF0402;Külső viselésű lövedékálló mellény
795;AN-UP 2016 L4/K2 külső löv.álló mellény;EF0402;Külső viselésű lövedékálló mellény;958;AN-UP 2016 L4/K2 külső löv.álló mell. XL;EF0402;Külső viselésű lövedékálló mellény
803;AN-UP 2016 L4/K2 külső löv.álló mellény;EF0402;Külső viselésű lövedékálló mellény;978;AN-UP 2016 L4/K2 külső löv.álló mell.M;EF0402;Külső viselésű lövedékálló mellény
806;AN-UP 2016 L4/K2 külső löv.álló mellény;EF0402;Külső viselésű lövedékálló mellény;981;AN-UP 2016 L4/K2 külső löv.álló mell.XL;EF0402;Külső viselésű lövedékálló mellény
807;AN-UP 2016 L4/K2 külső löv.álló mellény;EF0402;Külső viselésű lövedékálló mellény;982;AN-UP 2016 L4/K2 külső löv.álló mell.L;EF0402;Külső viselésű lövedékálló mellény
855;DEF-H42-K L4/K2 külsőt lövedékálló mellé;EF0402;Külső viselésű lövedékálló mellény;971;DEF-H42-K L4/K2 Külső Löv.mell 3XL;EF0402;Külső viselésű lövedékálló mellény
797;AN-UP 2016 L4/K2 külső löv.álló mellény;EF0402;Külső viselésű lövedékálló mellény;962;AN-UP 2016 L4/K2 külső löv.álló mell. M;EF0402;Külső viselésű lövedékálló mellény
800;AN-UP 2016 L4/K2 külső löv.álló mellény;EF0402;Külső viselésű lövedékálló mellény;966;AN-UP 2016 L4/K2 külső löv.álló mell.3XL;EF0402;Külső viselésű lövedékálló mellény
801;AN-UP 2016 L4/K2 külső löv.álló mellény;EF0402;Külső viselésű lövedékálló mellény;968;AN-UP 2016 L4/K2 külső löv.álló mell. S;EF0402;Külső viselésű lövedékálló mellény
802;AN-UP 2016 L4/K2 külső löv.álló mellény;EF0402;Külső viselésű lövedékálló mellény;977;AN-UP 2016 L4/K2 külső löv.álló mell.XXL;EF0402;Külső viselésű lövedékálló mellény
1083;FAVÁZAS TÁMLÁSSZÉK CSERESZNYE;BU0601;Favázas támlásszék;1105;FAVÁZAS TÁMLÁSSZÉK CSERESZNYE;BU0601;Favázas támlásszék
972;DELONGHI KÁVÉFŐZŐ;EH0103;Kávéfőző;1099;Délonghi kávéfőző;EH0103;Kávéfőző
923;Favázas támlásszék;BU0601;Favázas támlásszék;1106;Favázas támlásszék szövetkárpitta;BU0601;Favázas támlásszék
925;Favázas támlásszék;BU0601;Favázas támlásszék;1097;Favázas támlásszék;BU0601;Favázas támlásszék
926;Favázas támlásszék szövet kárpittal;BU0601;Favázas támlásszék;1109;Favázas támlásszék szövetkárpittal;BU0601;Favázas támlásszék
852;SAMSUNG TELEVÍZIÓ;KV0100;CRT TV (hagyományos televízió);1104;Samsung LCD televiyi=;KV0200;LCD televízió TV
704;Íróasztal;BA0305;Nagyméretű íróasztal;1094;Nagyméretű íróasztal;BA0305;Nagyméretű íróasztal
566;2 AJTÓS IRATSZEKRÉNY cseresznye;BS0202;2. ajtós szekrény;1098;2 ajtós szekrény;BS0202;2. ajtós szekrény
496;Mikró hullámú sütő;EH0301;Beépíthető mikrohullámú sütő;1100;SHARP mikró;EH0303;Mikrohullámú sütő klf. egyéb
273;Öltöző pad;BU0902;Öltöző pad;1084;öltözőpad;BU0902;Öltöző pad
292;ÖLTÖZOPAD;BU0902;Öltöző pad;1086;öltözőpad;BU0902;Öltöző pad
296;Öltözöpad;BU0902;Öltöző pad;1088;öltözőpad;BU0902;Öltöző pad
300;Öltözöpad;BU0902;Öltöző pad;1089;öltözőpad 1 oldalas;BU0902;Öltöző pad
238;FAVÁZAS TÁMLÁSSZÉK KLF. (DB);BU0601;Favázas támlásszék;1108;Favázas támlásszék szövetkárpitta;BU0601;Favázas támlásszék
132;FEGYVERTÁMLA (DB);BS9905;Fegyverszekrény;1112;FEGYVERTÁMLA (DB);EF0103;Fegyver állványok
73945;B_C_irodai FOTEL;BU0101;Fotel klf.;82718;Irodai forgószék;BU0501;Irodai forgószék
29644;EMELETESÁGY (DB);BE0104;Emeletes ágy;82756;Emeletes ágy;BE0104;Emeletes ágy
29640;EMELETESÁGY (DB);BE0104;Emeletes ágy;83814;Emeleteságy;BE0104;Emeletes ágy
80200;Forgatható karosszék;BU0501;Irodai forgószék;82679;FORGATHATÓ KAROSSZÉK KLF. (DB);BU0501;Irodai forgószék
80196;Vezetői forgószék;BU0701;Vezetői forgószék;82785;FORGATHATÓ KAROSSZÉK KLF. (DB);BU0501;Irodai forgószék
28865;asztal sandta femvazas;BA9911;Telefon-rádió asztal;83626;Lerakó asztal cseresznye;BA9913;Egyéb asztal klf.
28853;ÉTKEZŐASZTAL (DB);BA0204;Étkező asztal klf. egyéb;83720;Konyhaasztal csersznye;BA0802;Konyhaasztal klf.
25401;VIRÁGÁLLVÁNY RÉZ (DB);BE0316;Virágtartó;83757;Virágtartó;BE0316;Virágtartó
25372;ÍRÓASZTAL 118 CM-ES MAHAGÓNI (DB);BA0302;Kisméretű íróasztal;83553;ÍRÓASZTAL KISMÉRETŰ (DB);BA0302;Kisméretű íróasztal
28424;ÍRÓASZTAL (DB);BA0307;Íróasztal klf. egyéb;83579;Íróasztal mahagóni;BA0307;Íróasztal klf. egyéb
51949;GÖRGŐS IRATSZEKRÉNY beige (DB);BS0603;Görgős irattároló;82943;Görgős irattároló bézs;BS0603;Görgős irattároló
28172;GÖRGŐS IRATSZEKRÉNY BÜKK (DB);BS0603;Görgős irattároló;82821;görgős számítógép asztal bükk;BA0600;Számítógépasztal
79206;Favázas támlásszék Bükk;BU0601;Favázas támlásszék;82661;FAVÁZAS KAROSSZÉK SZÖVET KÁRPITTAL (DB);BU0602;Favázas karosszék
60571;VEZETŐI FORGÓSZÉK (DB);BU0701;Vezetői forgószék;83558;FORGATHATÓ KAROSSZÉK SZÖVET KÁRPIT (DB);BU0501;Irodai forgószék
85954;FORGATHATÓ KAROSSZÉK SZÖVET KÁRPIT (DB);BU0501;Irodai forgószék;82674;FORGATHATÓ KAROSSZÉK KLF. (DB);BU0501;Irodai forgószék
85949; ÖLTÖZŐSZEKRÉNY 2 AJTÓS BÜKK;BS0801;Öltöző szekrény fa;83624;Két ajtós öltöző szekrény bükk;BS9920;Szekrény egyéb klf.
85946;Mosogatószekrény;BS9920;Szekrény egyéb klf.;83719;2. ajtós alsó szekrény egyéb;BS0302;2. ajtós alacsony szekrény
85944;Favázas támlásszék kárpitos;BU0601;Favázas támlásszék;82650;Favázas támlásszék cseresznye;BU0601;Favázas támlásszék
85943;2 AJTÓS AKASZTÓS SZEKRÉNY BÜKK (DB);BS0203;2 ajtós akasztós szekrény;82737;2 ajtós akasztós szekrény bükk;BS0203;2 ajtós akasztós szekrény
85942;2 AJTÓS AKASZTÓS SZEKRÉNY BÜKK (DB);BS0203;2 ajtós akasztós szekrény;82793;2. ajtós alsó szekrény bükk;BS0202;2. ajtós szekrény
85941;1 AJTÓS AKASZTÓS SZEKRÉNY MAHAGÓNI;BS0103;1 ajtós akasztós szekrény;83724;1 AJTÓS AKASZTÓS SZEKRÉNY MAHAGÓNI (DB);BS0103;1 ajtós akasztós szekrény
85940;francia ágy;BE0108;Francia ágy;82709;FRANCIAÁGY;BE0108;Francia ágy
85939;FORGATHATÓ KAROSSZÉK SZÖVET KÁRPIT (DB);BU0501;Irodai forgószék;82722;Forgószék irodai (R81-081457);BU0501;Irodai forgószék
85938;NAGYMÉRETŰ ÍRÓASZTAL (DB);BA0305;Nagyméretű íróasztal;83620;Fémlábas íróasztal szürke;BA0307;Íróasztal klf. egyéb
79079;LÉTRA (DB) 3x7 fokos;ES0503;Létra egyéb;82944;Aluminium létra;ES0502;Létra aluminium, fém
85931;Virágtartó;BE0316;Virágtartó;83760;Virágtartó;BE0316;Virágtartó
85929;ÍRÓASZTAL 118 CM-ES MAHAGÓNI (DB);BA0302;Kisméretű íróasztal;83580;Íróasztal mahagóni;BA0307;Íróasztal klf. egyéb
85927;ÉTKEZŐASZTAL (DB);BA0204;Étkező asztal klf. egyéb;82819;konyha asztal tömör fa;BA0802;Konyhaasztal klf.
85925;ALUL ZÁRT FELÜL NYITOTT SZEKRÉNY TALIZMÁ;BS0202;2. ajtós szekrény;83549;ALACSONY NYITOTT IRATSZEKRÉNY BEIGE (DB);BS9915;Nyitott polcos szekrény alacsony
85924;ÁLLÓ RUHAFOGAS (DB);BE0201;Álló ruhafogas klf.;82869;ÁLLÓ RUHAFOGAS (DB) (R81-080244);BE0201;Álló ruhafogas klf.
85922;FAVÁZAS KAROSSZÉK SZÖVET KÁRPITTAL (DB);BU0602;Favázas karosszék;82823;FAVÁZAS KAROSSZÉK SZÖVET KÁRPITTAL (DB);BU0602;Favázas karosszék
85921;GÖRGŐS IRATSZEKRÉNY MAHAGÓNI (DB);BS0603;Görgős irattároló;83582;Görgös irattároló mahagóni;BS0603;Görgős irattároló
85918;TELEFONASZTAL (DB);BA9911;Telefon-rádió asztal;83791;Lerakó asztal;BA0403;Lerakó asztal
85916;FRANCIAÁGY 2 ágybetéttel;BE0108;Francia ágy;82711;FRANCIAÁGY;BE0108;Francia ágy
88974;FAVÁZAS TÁMLÁSSZÉK KLF. (DB) cseresznye;BU0601;Favázas támlásszék;82651;Favázas támlásszék cseresznye;BU0601;Favázas támlásszék
88973;FAVÁZAS TÁMLÁSSZÉK KLF. (DB) bükk;BU0601;Favázas támlásszék;82647;Favázas támlásszék;BU0601;Favázas támlásszék
88972;virágtartó mahagóni;BE0316;Virágtartó;83552;VIRÁGÁLLVÁNY (DB);BE0316;Virágtartó
88969;180 fokos ív mahagóni;BA0401;Íves elem klf.;83550;Tárgyalóasztal félköríves;BA0702;Íves tárgyalóasztal
88967;Nagyméretű íróasztal;BA0305;Nagyméretű íróasztal;83758;Íróasztal dió;BA0307;Íróasztal klf. egyéb
88960;ÍRÓASZTAL 118 CM-ES MAHAGÓNI (DB);BA0302;Kisméretű íróasztal;83547;ÍRÓASZTAL 118 CM-ES MAHAGÓNI (DB)(R14-05;BA0302;Kisméretű íróasztal
88958;favázas támlásszék szövet kárpit;BU0601;Favázas támlásszék;82664;Favázas támlásszék cseresznye;BU0601;Favázas támlásszék
88957;favázas támlásszék műanyag kárpit;BU0601;Favázas támlásszék;82662;FAVÁZAS KAROSSZÉK SZÖVET KÁRPITTAL (DB);BU0602;Favázas karosszék
17;Madison Flanders fotel/KAROS;BU0101;Fotel klf.;1369;Fotelágy szürke;BE0107;Fotelágy
40;HEVERO /SANDRA/;BE0109;Heverő;1461;Heverő;BE0109;Heverő
41;FORG.KAROSSZEK;BU0501;Irodai forgószék;873;Irodai forgószék bordó kárpittal;BU0501;Irodai forgószék
43;FAVAZAS KANAPE;BU0202;Kanapé;1459;Agria kanapé;BU0202;Kanapé
820;4 AJTÓS 4 ZÁRAS VASLEMEZ IRATSZEKRÉNY (D;BS0904; 4. ajtós vaslemez iratszekrény;1000;4 AJTÓS vaslemez szekrény (R81-005053);BS0904; 4. ajtós vaslemez iratszekrény
754;Fémvázas támlásszék műanyag;BU0603;Fémvázas támlásszék;1585;Fémvázas támlásszék;BU0603;Fémvázas támlásszék
856;Fémvázas támlásszék;BU0603;Fémvázas támlásszék;1587;Fémvázas támlásszék;BU0603;Fémvázas támlásszék
859;Számítógépasztal Bükk;BA0600;Számítógépasztal;1277;Íróasztal bükk;BA0307;Íróasztal klf. egyéb
841;KEMPING ÁGY (DB);BE0113;Egyéb fekvőbútorok;971;Camping ágy;BE0103;Camping ágy
827;Fémvázas támlásszék klf.;BU0603;Fémvázas támlásszék;871;Fémvázas támlászék szürke kárpittal;BU0603;Fémvázas támlásszék
828;FÉMVÁZAS TÁMLÁSSZÉK KLF. (DB);BU0603;Fémvázas támlásszék;1372;Fémvázas támlásszék;BU0603;Fémvázas támlásszék
816;FORGATHATÓ KAROSSZÉK KLF. (DB);BU0501;Irodai forgószék;1627;Irodai forgószék;BU0501;Irodai forgószék
811;FORGÓSZÉK Klf. (DB);BU0501;Irodai forgószék;1605;Irodai forgószék;BU0501;Irodai forgószék
775;Emeletes ágy/1;BE0113;Egyéb fekvőbútorok;1755;EMELETESÁGY (DB);BE0104;Emeletes ágy
723;EMELETESÁGY (DB);BE0104;Emeletes ágy;1743;EMELETESÁGY (DB);BE0104;Emeletes ágy
711;Forgatható karosszék szövet;BU0501;Irodai forgószék;932;Irodai forgószék bordó szövettel;BU0501;Irodai forgószék
632;EMELETESÁGY;BE0104;Emeletes ágy;1742;EMELETESÁGY (DB);BE0104;Emeletes ágy
622;2 ajtós iratszekrény szürke;BS0202;2. ajtós szekrény;1855;2 ajtós öltözőszekrény bükk;BS0801;Öltöző szekrény fa
589;FORGATHATÓ KAROSSZÉK BŐR KÁRPITTAL (DB);BU0701;Vezetői forgószék;1209;Vezetői forgószék bőr;BU0701;Vezetői forgószék
590;2 AJTÓS FELSŐSZEKRÉNY MAHAGÓNI (DB);BS0502;2. ajtós felső szekrény;1327;2 ajtós felsőszekrény mahagóni;BS0502;2. ajtós felső szekrény
592;Linea Mega Tech3 forgószék;BU0501;Irodai forgószék;1615;Irodai forgószék;BU0501;Irodai forgószék
593;FORGATHATÓ KAROSSZÉK SZÖVET KÁRPIT;BU0501;Irodai forgószék;881;Irodai forgószék fekete szövettel;BU0501;Irodai forgószék
567;karfás forgószék szürke kárpittal;BU0501;Irodai forgószék;1617;Irodai forgószék;BU0501;Irodai forgószék
508;FORGATHATÓ KAROSSZÉK KLF.;BU0501;Irodai forgószék;1104;Forgatható karosszék;BU0501;Irodai forgószék
510;Vaságy;BE0102;Árkay vaságy;1628;Katonai vaságy;BE0102;Árkay vaságy
512;2 AJTÓS IRATSZEKRÉNY MAHAGÓNI (DB);BS0202;2. ajtós szekrény;1015;Polcos szekrény mahagóni (Tanúvédelmis);BS9920;Szekrény egyéb klf.
499;FÉMVÁZAS KAROSSZÉK KLF. (DB);BU0604;Fémvázas karosszék;987;Fémvázas támlásszék zöld kárpittal;BU0603;Fémvázas támlásszék
330;FA ÖLTÖZŐSZEKRÉNY 2 AJTÓS (DB);BS0801;Öltöző szekrény fa;1136;2 ajtós öltöző szekrény;BS0801;Öltöző szekrény fa
287;emeletes ágy;BE0104;Emeletes ágy;1764;EMELETESÁGY (DB);BE0104;Emeletes ágy
265;ÍRÓASZTAL (DB);BA0307;Íróasztal klf. egyéb;1339;Írósztal;BA0307;Íróasztal klf. egyéb
251;FÉMVÁZAS TÁMLÁSSZÉK KLF. (DB);BU0603;Fémvázas támlásszék;925;Fémvázas támlásszék fekete szövettel;BU0603;Fémvázas támlásszék
149;3 szem. tantermi asztal;BA9903;3 szem. tantermi asztal;1515;3 személyes tantermi asztal;BA9914;Tantermi asztal 2-6 személyes
121;FOTEL FAVÁZAS (DB);BU0202;Kanapé;1449;Fotel;BU0101;Fotel klf.
97;1 AJTÓS AKASZTÓS SZEKRÉNY MAHAGÓNI (DB);BS0103;1 ajtós akasztós szekrény;1323;1 ajtós akasztós szekrény mahagóni;BS0103;1 ajtós akasztós szekrény
555;2 ajtós akasztós szekrény;BS0203;2 ajtós akasztós szekrény;1320;1 ajtós akasztós szekrény mahagóni;BS0103;1 ajtós akasztós szekrény
558;emeltetes ágy;BE0104;Emeletes ágy;1256;Emeletes katonai ágy;BE0104;Emeletes ágy
560;Tantermi asztal 2 személyes;BA9914;Tantermi asztal 2-6 személyes;1222;2 személyes tantermi asztal;BA9914;Tantermi asztal 2-6 személyes
228;FORGATHATÓ TÁMLÁSSZÉK KLF. (DB);BU0501;Irodai forgószék;1600;Irodai forgószék;BU0501;Irodai forgószék
834;ASZTALI LÁMPA (DB);KI0101;Asztali-,állólámpa, csillár;978;Asztali lámpa;KI0101;Asztali-,állólámpa, csillár
837;2 AJTÓS 1 ZÁRAS VASLEMEZ IRATSZEKERÉNY (;BS0903; 2. ajtós vaslemez iratszekrény;1001;2 ajtós vaslemez szekrény  (R81-025918);BS0903; 2. ajtós vaslemez iratszekrény
838;Forgószék karos szövet;BU0501;Irodai forgószék;1616;Irodai forgószék;BU0501;Irodai forgószék
503;FORGATHATÓ KAROSSZÉK KLF.;BU0501;Irodai forgószék;872;Irodai forgószék bordó kárpittal;BU0501;Irodai forgószék
504;FORGATHATÓ KAROSSZÉK KLF.;BU0501;Irodai forgószék;942;forgatható karosszék szövet fekete;BU0501;Irodai forgószék
506;FORGATHATÓ KAROSSZÉK KLF.;BU0501;Irodai forgószék;869;Irodai forgószék szürke kárpittal;BU0501;Irodai forgószék
794;Irodai forgószék;BU0102;Forgó fotel;1614;Irodai forgószék;BU0501;Irodai forgószék
780;emeletes ágy;BE0113;Egyéb fekvőbútorok;1744;EMELETESÁGY (DB);BE0104;Emeletes ágy
21;EGYIK OLDALT IVES ASZTAL;BA0301;Íves íróasztal;919;Íves elem cseresznye;BA0401;Íves elem klf.
360;FOTEL FAVÁZAS (DB);BU0101;Fotel klf.;1594;Fotel egyéb bordó;BU0101;Fotel klf.
584;FORGATHATÓ KAROSSZÉK SZÖVET KÁRPIT (DB);BU0501;Irodai forgószék;916;Irodai forgószél zöld szövettel;BU0501;Irodai forgószék
242;FÉMVÁZAS TÁMLÁSSZÉK KLF. (DB);BU0603;Fémvázas támlásszék;884;Fémvázas műanyag támlásszék kék;BU0603;Fémvázas támlásszék
309;TANTERMI ASZTAL 2 SZEMÉLYES (DB);BA9902;2 szem. tantermi asztal;989;TANTERMI ASZTAL 2 SZEMÉLYES (R81-108304);BA9902;2 szem. tantermi asztal
311;TANTERMI ASZTAL 2 SZEMÉLYES (DB);BA9902;2 szem. tantermi asztal;1521;2 szem. tantermi asztal;BA9902;2 szem. tantermi asztal
312;TANTERMI ASZTAL 2 SZEMÉLYES (DB);BA9902;2 szem. tantermi asztal;1215;tantermi íróasztal;BA9914;Tantermi asztal 2-6 személyes
115;ÁLLÓ RUHAFOGAS (DB);BE0201;Álló ruhafogas klf.;995;ÁLLÓ RUHAFOGAS (R81-012945);BE0201;Álló ruhafogas klf.
153;KEMPING ÁGY (DB);BE0103;Camping ágy;974;Camping ágy;BE0103;Camping ágy
271;asztali lámpa;KI0101;Asztali-,állólámpa, csillár;979;Asztali lámpa;KI0101;Asztali-,állólámpa, csillár
254;FÉMVÁZAS TÁMLÁSSZÉK KLF. (DB);BU0603;Fémvázas támlásszék;875;Fémvázas támlásszék szürke szövettel;BU0603;Fémvázas támlásszék
256;FÉMVÁZAS TÁMLÁSSZÉK KLF. (DB);BU0603;Fémvázas támlásszék;931;Fémvázas támlásszék kék;BU0603;Fémvázas támlásszék
674;Irodai forgószék;BU0501;Irodai forgószék;938;Irodai forgószék zöld szövettel;BU0501;Irodai forgószék
103;FORGATHATÓ KAROSSZÉK KLF. (DB);BU0501;Irodai forgószék;939;Irodai forgószék kék szövettel;BU0501;Irodai forgószék
15044;GÖRGŐS SZÉK vezetői, bőr;BU0501;Irodai forgószék;28561;Vezetői bőr görgős szék;BU0701;Vezetői forgószék
14492;Irattároló lemezszekrény;BS0902; 1. ajtós vaslemez iratszekrény;28567;Irattároló fémszekrény 4 polcos;BS9906;Fém szekrény klf.
17387;1 AJTÓS AKASZTÓS SZEKRÉNY BÜKK (DB);BS0103;1 ajtós akasztós szekrény;28568;1 AJTÓS AKASZTÓS SZEKRÉNY, bükk;BS0103;1 ajtós akasztós szekrény
17528;1 AJTÓS FELSŐSZEKRÉNY BÜKK (DB);BS0501;1. ajtós felső szekrény;28571;1 AJTÓS FELSŐSZEKRÉNY BÜKK (DB);BS0501;1. ajtós felső szekrény
17300;90 FOKOS ÍV BÜKK (DB);BA0401;Íves elem klf.;28563;90 fokos ív bükk;BA0401;Íves elem klf.
17824;Bükk íróasztal NNI;BA0305;Nagyméretű íróasztal;28564;ÍRÓASZTAL 134 CM-ES BÜKK;BA0302;Kisméretű íróasztal
17880;Bükk számítógépasztal NNI;BA0600;Számítógépasztal;28562;SZÁMÍTÓGÉPASZTAL BÜKK (DB);BA0601;Számítógépasztal
16706;ASZTAL MELLÉ HELYEZHETŐ KONTÉNER (DB);BS0604;Görgős irattároló asztal melletti;28565;GÖRGŐS IRATSZEKRÉNY BÜKK (DB);BS0603;Görgős irattároló
18232;Bordó szövet kárpitos görgős szék NNI;BU0602;Favázas karosszék;28507;Bordó szövet kárpitos görgős szék;BU0501;Irodai forgószék
16810;1 AJTÓS IRATSZEKRÉNY (DB);BS0102;1. ajtós szekrény;28535;1 AJTÓS IRATSZEKRÉNY BÜKK (DB);BS0102;1. ajtós szekrény
17338;BÜKK FIÓKOS TÁROLÓ (DB);BS0604;Görgős irattároló asztal melletti;27507;GÖRGŐS IRATSZEKRÉNY BÜKK (DB);BS0603;Görgős irattároló
14787;90 FOKOS ÍV, bükk 67x67x75;BA0401;Íves elem klf.;27518;90 fokos ív bükk;BA0401;Íves elem klf.
14859;1 AJTÓS AKASZTÓS SZEKRÉNY, bükk;BS0103;1 ajtós akasztós szekrény;27610;1 AJTÓS AKASZTÓS SZEKRÉNY, bükk;BS0103;1 ajtós akasztós szekrény
15197;1 AJTÓS FELSŐSZEKRÉNY bükk 75x60x40;BS0501;1. ajtós felső szekrény;27607;1 AJTÓS FELSŐSZEKRÉNY BÜKK (DB);BS0501;1. ajtós felső szekrény
16948;FORGÓSZÉK  (DB);BU0501;Irodai forgószék;27599;Bordó szövet kárpitos görgős szék;BU0501;Irodai forgószék
17440;1 AJTÓS IRATSZEKRÉNY BÜKK (DB);BS0102;1. ajtós szekrény;27608;1 AJTÓS IRATSZEKRÉNY BÜKK (DB);BS0102;1. ajtós szekrény
17695;FÉMVÁZAS SZÉK . (DB);BU0603;Fémvázas támlásszék;27600;FÉMVÁZAS TÁMLÁSSZÉK KRÓM;BU0603;Fémvázas támlásszék
16598;SZÁMITÓGÉPASZTAL (DB);BA0600;Számítógépasztal;27604;SZÁMÍTÓGÉPASZTAL BÜKK (DB);BA0601;Számítógépasztal
17173;ÍRÓASZTAL (DB);BA0305;Nagyméretű íróasztal;27602;ÍRÓASZTAL 134 CM-ES BÜKK;BA0302;Kisméretű íróasztal
15587;Felső szekrény 1 ajtós bükk (NNI);BS0501;1. ajtós felső szekrény;26196;1 ajtós felsőszekrény bükk;BS0501;1. ajtós felső szekrény
14304;1 AJTÓS IRATTÁROLÓ SZEKRÉNY (DB);BS0102;1. ajtós szekrény;26202;1 ajtós iratszekrény bükk;BS0102;1. ajtós szekrény
14653;ÍRÓASZTAL bükk 134x67x75;BA0307;Íróasztal klf. egyéb;26194;íróasztal 134 cm bükk;BA0302;Kisméretű íróasztal
17664;KONFERENCIA ASZTAL (DB);BA0701;Tárgyalóasztal klf.;26223;tárgyalóasztal;BA0701;Tárgyalóasztal klf.
14290;1 AJTÓS IRATTÁROLÓ SZEKRÉNY (DB);BS0102;1. ajtós szekrény;26226;1 ajtós iratszekrény;BS0102;1. ajtós szekrény
15403;Fiókos tároló bükk (NNI);BS0604;Görgős irattároló asztal melletti;26215;görgős irattszekrény bükk;BS0603;Görgős irattároló
17600;TÁMLÁS SZÉK (DB);BU0605;Egyéb szék;26214;bordó szövet kárpitos szék;BU0501;Irodai forgószék
17626;TÁMLÁS SZÉK (DB);BU0605;Egyéb szék;26219;bükk támlás szék bordó kárpittal;BU0601;Favázas támlásszék
17642;Vezetői íróasztal (DB);BA0305;Nagyméretű íróasztal;26224;nagyméretű íróasztal;BA0305;Nagyméretű íróasztal
17127;2 AJTÓS IRATSZEKRÉNY (DB);BS0202;2. ajtós szekrény;26229;2 ajtós iratszekrény;BS0202;2. ajtós szekrény
15631;Támlás szék bordó szövettel (NNI);BU0601;Favázas támlásszék;26218;bükk támlás szék bordó kárpittal;BU0601;Favázas támlásszék
16995;FELSŐSZEKRÉNY Vezetői 2 ajtós;BS0501;1. ajtós felső szekrény;26228;2 ajtós felső szekrény;BS0502;2. ajtós felső szekrény
16996;FELSŐSZEKRÉNY Vezetői 2 ajtós;BS0501;1. ajtós felső szekrény;26227;2 ajtós felsőszekrény;BS0502;2. ajtós felső szekrény
16978;ÜVEGES SZEKRÉNY (DB);BS0201;2. ajtós üveges szekrény;26225;vitrines szekrény;BS9925;Üveges szekrény
15369;Bükk 90 fokos ív (NNI);BA0401;Íves elem klf.;26105;90 fokos ív;BA0401;Íves elem klf.
15620;Görgős szék bordó szövetes (NNI);BU0501;Irodai forgószék;26108;bordó szövet kárpitos görgős szék;BU0501;Irodai forgószék
17568;SZÁMÍTÓGÉPASZTAL (DB);BA0600;Számítógépasztal;26106;számítógépasztal;BA0601;Számítógépasztal
15572;Felső szekrény 1 ajtós bükk (NNI);BS0501;1. ajtós felső szekrény;26113;1 ajtós felső szekrény;BS0501;1. ajtós felső szekrény
15388;Fiókos tároló bükk (NNI);BS0604;Görgős irattároló asztal melletti;26103;görgős iratszekrény;BS0603;Görgős irattároló
15286;Íróasztal bükk 134 cm (NNI);BA0302;Kisméretű íróasztal;26104;íróasztal 134 cm;BA0302;Kisméretű íróasztal
14312;1 AJTÓS IRATTÁROLÓ SZEKRÉNY (DB);BS0102;1. ajtós szekrény;25791;1 AJTÓS IRATSZEKRÉNY BÜKK (DB);BS0102;1. ajtós szekrény
15288;Számítógépasztal bükk (NNI);BA0601;Számítógépasztal;25754;SZÁMÍTÓGÉPASZTAL BÜKK (DB);BA0601;Számítógépasztal
14657;ÍRÓASZTAL bükk 134x67x75;BA0307;Íróasztal klf. egyéb;25760;ÍRÓASZTAL 134 CM-ES BÜKK;BA0302;Kisméretű íróasztal
15372;Bükk 90 fokos ív (NNI);BA0401;Íves elem klf.;25749;90 fokos ív bükk;BA0401;Íves elem klf.
15400;Fiókos tároló bükk (NNI);BS0604;Görgős irattároló asztal melletti;25744;GÖRGŐS IRATSZEKRÉNY BÜKK (DB);BS0603;Görgős irattároló
18069;Bökk 1 jatós iratszekrény NNI;BS0102;1. ajtós szekrény;26924;1. ajtós polcos szekrény;BS0102;1. ajtós szekrény
16844;FELSŐSZEKRÉNY  (DB);BS0501;1. ajtós felső szekrény;26939;1. ajtós felső szekrény;BS0501;1. ajtós felső szekrény
14898;1 AJTÓS AKASZTÓS SZEKRÉNY, bükk;BS0103;1 ajtós akasztós szekrény;26935;1 ajtós akasztós szekrény;BS0103;1 ajtós akasztós szekrény
18438;Rekeszes kulcstartó szekrény;BS9920;Szekrény egyéb klf.;26949;Kulcstartó szekrény;BS9912;Kulcstartó szekrény
15300;Számítógépasztal bükk (NNI);BA0601;Számítógépasztal;26943;Számítógépasztal;BA0601;Számítógépasztal
15428;Fiókos tároló bükk (NNI);BS0604;Görgős irattároló asztal melletti;26948;Görgős irattároló;BS0603;Görgős irattároló
15653;Görgős szék bordó szövetes (NNI);BU0501;Irodai forgószék;26942;Irodai forgószék;BU0501;Irodai forgószék
14671;ÍRÓASZTAL bükk 134x67x75;BA0307;Íróasztal klf. egyéb;26945;Íróasztal;BA0307;Íróasztal klf. egyéb
15689;Támlás szék bordó szövettel (NNI);BU0601;Favázas támlásszék;26876;Favázas támlásszék;BU0601;Favázas támlásszék
18540;Mega Tech 3 szék + lineatech karfa;BU0605;Egyéb szék;26873;Vezetői forgószék;BU0701;Vezetői forgószék
17912;Bükk 90 fokos ív NNI;BA0401;Íves elem klf.;26869;Íves elem;BA0401;Íves elem klf.
16980;ÜVEGES SZEKRÉNY (DB);BS0201;2. ajtós üveges szekrény;26879;2. ajtós üveges szekrény;BS0201;2. ajtós üveges szekrény
14325;1 AJTÓS IRATTÁROLÓ SZEKRÉNY (DB);BS0102;1. ajtós szekrény;26818;1 ajtós polcos szekrény;BS0102;1. ajtós szekrény
15311;Számítógépasztal bükk (NNI);BA0601;Számítógépasztal;26817;Számítógépasztal;BA0600;Számítógépasztal
31360;ASZTALI LÁMPA (DB);KI0101;Asztali-,állólámpa, csillár;28811;Asztali lámpa;KI0100;Asztali-,állólámpa, csillár
16668;ASZTAL MELLÉ HELYEZHETŐ KONTÉNER (DB);BS0604;Görgős irattároló asztal melletti;29937;Görgős irattároló;BS0603;Görgős irattároló
16669;ASZTAL MELLÉ HELYEZHETŐ KONTÉNER (DB);BS0604;Görgős irattároló asztal melletti;28090;Görgős irattároló Bükk;BS0603;Görgős irattároló
18241;Bükk támlás szék bordó kárpittal NNI;BU0601;Favázas támlásszék;28100;Bükk támlás szék bordó kárpittal;BU0601;Favázas támlásszék
18192;Bordó szövet kárpitos görgős szék NNI;BU0602;Favázas karosszék;28057;Irodai forgószék szövet kárpittal;BU0501;Irodai forgószék
17629;90 FOKOS ÍV (DB);BA0401;Íves elem klf.;27943;90 fokos ív Bükk;BA0401;Íves elem klf.
17841;Bükk számítógépasztal NNI;BA0600;Számítógépasztal;28060;Számítógépasztal Bükk;BA0600;Számítógépasztal
16974;FAVÁZAS TÁMLÁSSZÉK SZÖVET KÁRPITTAL (DB);BU0601;Favázas támlásszék;28676;Bükk támlás szék bordó kárpittal;BU0601;Favázas támlásszék
16989;FELSŐSZEKRÉNY Vezetői 2 ajtós;BS0501;1. ajtós felső szekrény;28654;2 AJTÓS IRATSZEKRÉNY CSERESZNYE felső;BS0202;2. ajtós szekrény
17542;Vezetői íróasztal (DB);BA0305;Nagyméretű íróasztal;28661;Vezetői íróasztal (DB);BA0305;Nagyméretű íróasztal
15078;TÁRGYALÓASZTAL 6 fős 180x80x75 csereszny;BA0701;Tárgyalóasztal klf.;28662;TÁRGYALÓASZTAL 6 fős 180x80x75 csereszny;BA0701;Tárgyalóasztal klf.
18253;Akasztós szekrény vezetői cseresznye NNI;BS0103;1 ajtós akasztós szekrény;28650;1 AJTÓS AKASZTÓS SZEKRÉNY cseresznye;BS0103;1 ajtós akasztós szekrény
15431;Akasztós szekrény 1 ajtós bükk (NNI);BS0103;1 ajtós akasztós szekrény;28685;1 AJTÓS AKASZTÓS SZEKRÉNY, bükk;BS0103;1 ajtós akasztós szekrény
17216;SZÁMÍTÓGÉPASZTAL (DB);BA0600;Számítógépasztal;25185;SZÁMÍTÓGÉPASZTAL BÜKK (DB);BA0601;Számítógépasztal
15252;Íróasztal bükk 134 cm (NNI);BA0302;Kisméretű íróasztal;25189;ÍRÓASZTAL 134 CM-ES BÜKK;BA0302;Kisméretű íróasztal
18154;Bükk felső szekrény 1 ajtós NNI;BS0102;1. ajtós szekrény;25199;1 AJTÓS FELSŐSZEKRÉNY BÜKK (DB);BS0501;1. ajtós felső szekrény
17959;Bükk fiókos tároló NNI;BS0604;Görgős irattároló asztal melletti;25182;GÖRGŐS IRATSZEKRÉNY BÜKK (DB);BS0603;Görgős irattároló
14947;1 AJTÓS IRATSZEKRÉNY bükk 160x60x40;BS0102;1. ajtós szekrény;25213;1 AJTÓS IRATSZEKRÉNY BÜKK (DB);BS0102;1. ajtós szekrény
18118;Bükk felső szekrény 1 ajtós NNI;BS0102;1. ajtós szekrény;25940;1 ajtós felsőszekrény;BS0501;1. ajtós felső szekrény
17531;GÖRGŐS SZÉK (DB);BU0605;Egyéb szék;25922;bordó szövet kárpitos görgős szék;BU0501;Irodai forgószék
17193;ÍRÓASZTAL (DB);BA0305;Nagyméretű íróasztal;25934;Íróasztal 134 cm bükk;BA0302;Kisméretű íróasztal
14915;1 AJTÓS IRATSZEKRÉNY bükk 160x60x40;BS0102;1. ajtós szekrény;25943;1 ajtós iratszekrény;BS0102;1. ajtós szekrény
17942;Bükk fiókos tároló NNI;BS0604;Görgős irattároló asztal melletti;25925;görgős iratszekrény bükk;BS0603;Görgős irattároló
18124;Bükk felső szekrény 1 ajtós NNI;BS0102;1. ajtós szekrény;25916;1 ajtós felsőszekrény bükk;BS0501;1. ajtós felső szekrény
17200;SZÁMÍTÓGÉPASZTAL (DB);BA0600;Számítógépasztal;25914;számítógépasztal bükk;BA0601;Számítógépasztal
11676;1 AJTÓS LEMEZ IRATSZEKRÉNY;BS0902; 1. ajtós vaslemez iratszekrény;31057;1. ajtós vaslemez iratszekrény;BS0902; 1. ajtós vaslemez iratszekrény
11672;1 AJTÓS FELSŐ SZEKRÉNY;BS0501;1. ajtós felső szekrény;31043;1. ajtós felső szekrény Bükk;BS0501;1. ajtós felső szekrény
11660;1 AJTÓS POLCOS IRATSZEKRÉNY;BS0102;1. ajtós szekrény;31042;1. ajtós  polcos szekrény Bükk;BS0102;1. ajtós szekrény
11645;SZÁMÍTÓGÉPASZTAL BÜKK;BA0601;Számítógépasztal;31051;Számítógépasztal Bükk;BA0600;Számítógépasztal
11642;ÍRÓASZTAL 134 CM-ES BÜKK;BA0302;Kisméretű íróasztal;31202;Íróasztal 134 cm Bükk;BA0301;Íves íróasztal
11643;ÍRÓASZTAL 134 CM-ES BÜKK;BA0302;Kisméretű íróasztal;31197;Íróasztal 134 cm Bükk;BA0307;Íróasztal klf. egyéb
11686;FORGATHATÓ KAROSSZÉK SZÖVET KÁRPIT;BU0501;Irodai forgószék;31200;Irodai forgószék;BU0501;Irodai forgószék
9494;FAVÁZAS TÁMLÁSSZÉK SZÖVET KÁRPITTAL (DB);BU0601;Favázas támlásszék;31193;Favázas támlásszék;BU0601;Favázas támlásszék
11654;GÖRGŐS IRATSZEKRÉNY BÜKK;BS0603;Görgős irattároló;31199;Görgős irattároló Bükk;BS0603;Görgős irattároló
11708;ÉJJELI SZEKRÉNY bükk;BS9903;Éjjeli szekrény;31022;Éjjeli szekrény Bükk;BS9903;Éjjeli szekrény
11665;1 AJTÓS POLCOS IRATSZEKRÉNY;BS0102;1. ajtós szekrény;31017;1. ajtós polcos  szekrény Bükk;BS0102;1. ajtós szekrény
11666;1 AJTÓS AKASZTÓS SZEKRÉNY;BS0103;1 ajtós akasztós szekrény;31015;1 ajtós akasztós szekrény Bükk;BS0103;1 ajtós akasztós szekrény
11763;Írósasztal 1134*67*75;BA0302;Kisméretű íróasztal;31031;Íróasztal 134 cm Bükk;BA0302;Kisméretű íróasztal
11837;Lemezszekrény;BS0901; 1. ajtós vaslemez betétszekrény;31275;1. ajtós vaslemez iratszekrény;BS0902; 1. ajtós vaslemez iratszekrény
11775;SZÁMÍTÓGÉPASZTAL 67*67*75;BA0600;Számítógépasztal;31279;Számítógépasztal Bükk;BA0600;Számítógépasztal
11788;GÖRGŐS IRATSZEKRÉNY 3+1;BS0603;Görgős irattároló;31278;Görgős irattároló Bükk;BS0603;Görgős irattároló
11818;FELSŐSZEKRÉNY 1 ajtós;BS0501;1. ajtós felső szekrény;31274;1. ajtós felső szekrény;BS0501;1. ajtós felső szekrény
11820;1 AJTÓS AKASZTÓS SZEKRÉNY (DB);BS0103;1 ajtós akasztós szekrény;31271;1. ajtós alasztós  szekrény Bükk;BS0102;1. ajtós szekrény
11722;90 FOKOS ÍV CSERESZNYE;BA0401;Íves elem klf.;31247;90 fokos ív Cseresznye;BA0401;Íves elem klf.
11723;ÍRÓASZTAL 160 CM-ES;BA0305;Nagyméretű íróasztal;31246;Íróasztal 134 cm Cseresznye;BA0302;Kisméretű íróasztal
11734;Felső szekrény 2 ajtós cseresznye;BS0502;2. ajtós felső szekrény;31258;2. ajtós felső szekrény Cseresznye;BS0502;2. ajtós felső szekrény
16765;1 AJTÓS AKASZTÓS SZEKRÉNY (DB);BS0103;1 ajtós akasztós szekrény;26430;1 ajtós akasztós szekrény;BS0103;1 ajtós akasztós szekrény
14965;GÖRGŐS SZÉK, bordó szövet kárpitos;BU0501;Irodai forgószék;26354;Irodai forgószék;BU0501;Irodai forgószék
15504;Iratszekrény 1 ajtós bükk (NNI);BS0102;1. ajtós szekrény;26435;1. ajtós polcos szekrény;BS0102;1. ajtós szekrény
14711;SZÁMÍTÓGÉPASZTAL bükk 67x67x75;BA0600;Számítógépasztal;26429;Számítógépasztal;BA0601;Számítógépasztal
18017;Bükk 1 ajtós akasztós szekrény NNI;BS0103;1 ajtós akasztós szekrény;26655;1 ajtós akasztós szekrény;BS0103;1 ajtós akasztós szekrény
14801;FIÓKOS TÁROLÓ, bükk;BS0604;Görgős irattároló asztal melletti;26644;Görgős irattároló;BS0603;Görgős irattároló
16516;Irodai asztal;BA0307;Íróasztal klf. egyéb;26642;Íróasztal;BA0307;Íróasztal klf. egyéb
15758;Írólapos szék bordó szövettel (NNI);BU0501;Irodai forgószék;26654;Fémvázas támlásszék, írólapos;BU0603;Fémvázas támlásszék
14983;TÁMLÁS SZÉK bükk, bordó kárpittal;BU0601;Favázas támlásszék;26639;Favázas támlásszék, szövet kárpittal;BU0601;Favázas támlásszék
18190;Bordó szövet kárpitos görgős szék NNI;BU0602;Favázas karosszék;28015;Irodai forgószék bordó szövet kárpittal;BU0501;Irodai forgószék
15085;ÉTKEZŐASZTAL 4 szem., 80x60x75;BA0201;Étkező asztal 4. személyes;28066;Étkezőasztal 4 személyes Bükk;BA0201;Étkező asztal 4. személyes
18306;Étkeztőasztal 4 fős NNI;BA0204;Étkező asztal klf. egyéb;28065;Étkezőasztal 4 személyes Bükk;BA0201;Étkező asztal 4. személyes
17012;TÁRGYALÓASZTAL (DB);BA0701;Tárgyalóasztal klf.;28070;Tárgyalóasztal Cseresznye;BA0701;Tárgyalóasztal klf.
18273;Tárgyalóasztal 6 fős cseresznye NNI;BA0701;Tárgyalóasztal klf.;28082;Tárgyalóasztal Cseresznye;BA0701;Tárgyalóasztal klf.
18550;TÁRGYALÓASZTAL cseresznye;BA0701;Tárgyalóasztal klf.;28071;Tárgyalóasztal Cseresznye;BA0701;Tárgyalóasztal klf.
14580;FÉM IRATSZEKRÉNY (DB);BS9906;Fém szekrény klf.;28088;Irattároló fémszekrény 4 polcos;BS9906;Fém szekrény klf.
15096;TÁRGYALÓASZTAL 6 fős 180x80x75 csereszny;BA0701;Tárgyalóasztal klf.;28084;Tárgyalóasztal Cseresznye;BA0701;Tárgyalóasztal klf.
18094;Bükk felső szekrény 1 ajtós NNI;BS0102;1. ajtós szekrény;28083;1.ajtós felsőszekrény Bükk;BS0501;1. ajtós felső szekrény
14578;FÉM IRATSZEKRÉNY (DB);BS9906;Fém szekrény klf.;28038;Fém iratszekrény;BS9906;Fém szekrény klf.
18189;Bordó szövet kárpitos görgős szék NNI;BU0602;Favázas karosszék;28034;Bordó szövet kárpitos forgószék;BU0501;Irodai forgószék
17042;Mini Konyha (DB) mosogatótálcás;EH9907;Mini Konyha;28046;Konyhaszekrény;BS0705;Konyhaszekrény
7705;AKG D80 mikrofon;KH0200;Mikrofonok;28048;AKG D80 mikrofon;KH0200;Mikrofonok
15427;Akasztós szekrény 1 ajtós bükk (NNI);BS0103;1 ajtós akasztós szekrény;29260;1. ajtós szekrény akasztós Bükk;BS0102;1. ajtós szekrény
18057;Bökk 1 jatós iratszekrény NNI;BS0102;1. ajtós szekrény;29259;1. ajtós szekrény polcos Bükk;BS0102;1. ajtós szekrény
18111;Bükk felső szekrény 1 ajtós NNI;BS0102;1. ajtós szekrény;29263;1. ajtós felső szekrény Bükk;BS0501;1. ajtós felső szekrény
17311;BÜKK FIÓKOS TÁROLÓ (DB);BS0604;Görgős irattároló asztal melletti;29255;Görgős irattároló Bükk;BS0603;Görgős irattároló
16931;FORGÓSZÉK  (DB);BU0501;Irodai forgószék;29254;Irodai forgószék bordó szövet;BU0501;Irodai forgószék
19596;ADJ-H32 L3/K2 rejtett lövedékálló mellén;EF0406;Rejtett viselésű lövedékálló mellény;25822;Milipol ADJ-H32 (XXXL) rejt. löv.á.mell.;EF0406;Rejtett viselésű lövedékálló mellény
19998;Asztali ventillátor NEDIS;EE1301;Asztali ventilátor;25847;asztali ventilátor;EE1301;Asztali ventilátor
5094;Töltő-ürítő lövedékcsapda;EE1011;Lövedékmegfogó berendezés;25121;DAD Lövedék csapda;EE9900;Egyéb gép, berendezés, felszerelés
20001;Asztali ventillátor NEDIS;EE1301;Asztali ventilátor;25168;Nedis asztali ventilátor;EE1301;Asztali ventilátor
5093;Töltő-ürítő lövedékcsapda;EE1011;Lövedékmegfogó berendezés;27029;DAD lövedékcsapda;EE1011;Lövedékmegfogó berendezés
19594;ADJ-H32 L3/K2 rejtett lövedékálló mellén;EF0406;Rejtett viselésű lövedékálló mellény;26738;Löv.álló mellény, rejtett ADJ-H32 L3/K2;EF0406;Rejtett viselésű lövedékálló mellény
17965;Bükk fiókos tároló NNI;BS0604;Görgős irattároló asztal melletti;26127;görgős iratszekrény;BS0603;Görgős irattároló
17126;2 AJTÓS IRATSZEKRÉNY (DB);BS0202;2. ajtós szekrény;26121;2 ajtós szekrény;BS0202;2. ajtós szekrény
17713;TÁMLÁS KÁRPITOS SZÉK (DB);BU0605;Egyéb szék;26132;bükk támlás szék bordó kárpittal;BU0601;Favázas támlásszék
15429;Akasztós szekrény 1 ajtós bükk (NNI);BS0103;1 ajtós akasztós szekrény;26120;1 ajtós akasztós szekrény;BS0103;1 ajtós akasztós szekrény
15537;Felső szekrény 1 ajtós bükk (NNI);BS0501;1. ajtós felső szekrény;26123;1 ajtós felsőszekrény;BS0501;1. ajtós felső szekrény
15056;GÖRGŐS SZÉK vezetői, bőr;BU0501;Irodai forgószék;26131;vezetői forgószék;BU0701;Vezetői forgószék
17040;FAVÁZAS TÁMLÁSSZÉK SZÖVET KÁRPITTAL (DB);BU0601;Favázas támlásszék;25973; támlás szék bordó szövet kárpittal;BU0501;Irodai forgószék
14250;1 AJTÓS IRATTÁROLÓ SZEKRÉNY (DB);BS0102;1. ajtós szekrény;25966;1 ajtós iratszekrény;BS0103;1 ajtós akasztós szekrény
17593;GÖRGŐS SZÉK (DB);BU0605;Egyéb szék;25972;bordó szövetkárpitos görgős szék;BU0501;Irodai forgószék
18174;Bükk felső szekrény 1 ajtós NNI;BS0102;1. ajtós szekrény;25964;1 ajtós felső szekrény;BS0501;1. ajtós felső szekrény
11737;1 AJTÓS AKASZTÓS SZEKRÉNY cseresznye;BS0103;1 ajtós akasztós szekrény;31259;1. ajtós akasztós szekrény Cseresznye;BS0103;1 ajtós akasztós szekrény
11941;SZÁMÍTÓGÉPASZTAL 67*67*75 cseresznye;BA0600;Számítógépasztal;31249;Számítógépasztal Cseresznye;BA0600;Számítógépasztal
11877;FAVÁZAS TÁMLÁSSZÉK KLF. (DB);BU0601;Favázas támlásszék;31254;Favázas támlásszék;BU0601;Favázas támlásszék
11740;1 AJTÓS FELSŐSZEKRÉNY  cseresznye;BS0501;1. ajtós felső szekrény;31260;1. ajtós felső szekrény Cseresznye;BS0501;1. ajtós felső szekrény
11742;FORGÓSZÉK FEKETE BŐR;BU0501;Irodai forgószék;31244;Vezetői forgószék Bőr;BU0701;Vezetői forgószék
11725;SZÁMÍTÓGÉPASZTAL;BA0600;Számítógépasztal;31248;Számítógépasztal Cseresznye;BA0600;Számítógépasztal
11727;GÖRGŐS IRATSZEKRÉNY cseresznye;BS0603;Görgős irattároló;31245;Görgős irattároló Cseresznye;BS0603;Görgős irattároló
11731;2 AJTÓS IRATSZEKRÉNY CSERESZNYE;BS0202;2. ajtós szekrény;31257;2. ajtós polcos szekrény Cseresznye;BS0202;2. ajtós szekrény
11910;FÉMVÁZAS TÁMLÁSSZÉK szövet nélkül;BU0603;Fémvázas támlásszék;31265;Fémvázas támlásszék;BU0603;Fémvázas támlásszék
11821;FELSŐSZEKRÉNY 1 ajtós;BS0501;1. ajtós felső szekrény;31156;1. ajtós felső szekrény Bükk;BS0501;1. ajtós felső szekrény
11809;1 AJTÓS AKASZTÓS SZEKRÉNY (DB);BS0103;1 ajtós akasztós szekrény;31151;1. ajtós akasztós  szekrény Bükk;BS0102;1. ajtós szekrény
10188;Tárgyalóasztal cseresznye 160 cm;BA0701;Tárgyalóasztal klf.;31298;Tárgyalóasztal Cseresznye;BA0701;Tárgyalóasztal klf.
19704;ADJ-H32 L3/K2 rejtett lövedékálló mellén;EF0406;Rejtett viselésű lövedékálló mellény;26290;ADJ-H32-K Lövedékálló mellény;EF0402;Külső viselésű lövedékálló mellény
19731;ADJ-H32-K L3/K2 rejtett lövedékálló mell;EF0406;Rejtett viselésű lövedékálló mellény;26448;ADJ-H32-K Lövedékálló mellény;EF0402;Külső viselésű lövedékálló mellény
19697;ADJ-H32 L3/K2 rejtett lövedékálló mellén;EF0406;Rejtett viselésű lövedékálló mellény;25093;ADJ-H32 L3/K2 rejtett lövedékálló mell.;EF0402;Külső viselésű lövedékálló mellény
19693;ADJ-H32 L3/K2 rejtett lövedékálló mellén;EF0406;Rejtett viselésű lövedékálló mellény;24897;Löv.álló mellény, rejtett ADJ-H32 L3/K2;EF0402;Külső viselésű lövedékálló mellény
15748;Írólapos szék bordó szövettel (NNI);BU0501;Irodai forgószék;28093;ÍRÓLAPOS FÉMVÁZAS SZÉK (DB);BU0603;Fémvázas támlásszék
18279;Cseresznye támlás szék bordó NNI;BU0603;Fémvázas támlásszék;28099;TÁMLÁS SZÉK cseresznye, bordó kárpittal;BU0601;Favázas támlásszék
8222;ELECTROLUX MIKROHULLÁMÚ SÜTŐ grillezős;EH0303;Mikrohullámú sütő klf. egyéb;28010;Elektrolux mikrohullámú sötő;EH0303;Mikrohullámú sütő klf. egyéb
16986;ÜVEGES SZEKRÉNY (DB);BS0201;2. ajtós üveges szekrény;27924;2 ajtós üveges vitrines szekrény Bükk;BS0201;2. ajtós üveges szekrény
15742;Étkezőasztal 4 fős (NNI);BA0201;Étkező asztal 4. személyes;27926;ÉTKEZŐASZTAL 4 SZEMÉLYES (összecsukható);BA0201;Étkező asztal 4. személyes
15081;ÉTKEZŐASZTAL 4 szem., 80x60x75;BA0201;Étkező asztal 4. személyes;27925;ÉTKEZŐASZTAL 4 SZEMÉLYES (összecsukható);BA0201;Étkező asztal 4. személyes
27323;ADJ-H32 L3/K2 rejtett lövedékálló mellén;EF0406;Rejtett viselésű lövedékálló mellény;24790;Lövedékálló mellény Milipol ADJ-H32/L;EF0406;Rejtett viselésű lövedékálló mellény
27324;ADJ-H32 L3/K2 rejtett lövedékálló mellén;EF0406;Rejtett viselésű lövedékálló mellény;24791;Lövedékálló mellény Milipol ADJ-H32/XL;EF0406;Rejtett viselésű lövedékálló mellény
19623;ADJ-H32 L3/K2 rejtett lövedékálló mellén;EF0406;Rejtett viselésű lövedékálló mellény;24822;Lövedékálló mell. Milipol ADJ-H32-K/M;EF0406;Rejtett viselésű lövedékálló mellény
19624;ADJ-H32 L3/K2 rejtett lövedékálló mellén;EF0406;Rejtett viselésű lövedékálló mellény;24823;Lövedékálló mell. Milipol ADJ-H32-K/XL;EF0406;Rejtett viselésű lövedékálló mellény
19625;ADJ-H32 L3/K2 rejtett lövedékálló mellén;EF0406;Rejtett viselésű lövedékálló mellény;24825;Lövedékálló mell. Milipol ADJ-H32-K/L;EF0406;Rejtett viselésű lövedékálló mellény
19606;ADJ-H32 L3/K2 rejtett lövedékálló mellén;EF0406;Rejtett viselésű lövedékálló mellény;24753;Lövedékálló mell. Milipol ADJ-H32-K / L;EF0406;Rejtett viselésű lövedékálló mellény
19630;ADJ-H32 L3/K2 rejtett lövedékálló mellén;EF0406;Rejtett viselésű lövedékálló mellény;24854;Lövedékálló mell. Milipol ADJ-H32-K / M;EF0406;Rejtett viselésű lövedékálló mellény
19628;ADJ-H32 L3/K2 rejtett lövedékálló mellén;EF0406;Rejtett viselésű lövedékálló mellény;24852;Lövedékálló mell. Milipol ADJ-H32-K / XL;EF0406;Rejtett viselésű lövedékálló mellény
18307;Étkeztőasztal 4 fős NNI;BA0204;Étkező asztal klf. egyéb;24836;ÉTKEZŐASZTAL 4 SZEMÉLYES;BA0201;Étkező asztal 4. személyes
17830;Bükk íróasztal NNI;BA0305;Nagyméretű íróasztal;29258;134 cm íróasztal Bükk;BA0302;Kisméretű íróasztal
14541;Irattároló lemezszekrény;BS0902; 1. ajtós vaslemez iratszekrény;29062;Irattároló fémszekrény 4 polcosKK (DB);BS9906;Fém szekrény klf.
17428;1 AJTÓS IRATSZEKRÉNY BÜKK (DB);BS0102;1. ajtós szekrény;29240;1 ajtós polcos szekrény Bükk;BS0102;1. ajtós szekrény
16929;FORGÓSZÉK  (DB);BU0501;Irodai forgószék;29239;Irodai forgószek bordó szövet;BU0501;Irodai forgószék
17396;1 AJTÓS AKASZTÓS SZEKRÉNY BÜKK (DB);BS0103;1 ajtós akasztós szekrény;29242;1 ajtós akasztós szekrény Bükk;BS0103;1 ajtós akasztós szekrény
17578;1 AJTÓS FELSŐSZEKRÉNY BÜKK (DB);BS0501;1. ajtós felső szekrény;29225;1 ajtós felső szekrény Bükk;BS0501;1. ajtós felső szekrény
17218;SZÁMÍTÓGÉPASZTAL (DB);BA0600;Számítógépasztal;25984; számíógépasztal;BA0601;Számítógépasztal
17219;SZÁMÍTÓGÉPASZTAL (DB);BA0600;Számítógépasztal;25983; számítógépasztal;BA0601;Számítógépasztal
17079;KONFERENCIA ASZTAL  (DB);BA0701;Tárgyalóasztal klf.;26161;tárgyaló asztal;BA0701;Tárgyalóasztal klf.
17652;MINIKONYHA MOSOGATÓTÁLCÁS (DB);BS0705;Konyhaszekrény;26158;konyhaszekrény;BS0705;Konyhaszekrény
19401;Mikrohullámú sütő Hausmeister Diana;EH0303;Mikrohullámú sütő klf. egyéb;26184;Hausmeister mikrohullámú sütő;EH0303;Mikrohullámú sütő klf. egyéb
19417;Szendvicssütő Sencor SSM 4220SS;EH9707;Szendvicssűtő;26182;Sencor szendvicssütő;EH9707;Szendvicssűtő
11812;1 AJTÓS AKASZTÓS SZEKRÉNY (DB);BS0103;1 ajtós akasztós szekrény;31059;1. ajtós  akasztós  szekrény Bükk;BS0102;1. ajtós szekrény
11770;Írósasztal 1134*67*75;BA0302;Kisméretű íróasztal;31067;Íróasztal 134 cm  Bükk;BA0302;Kisméretű íróasztal
11909;Heverő ágyneműtartós;BE0109;Heverő;31181;Ágyneműtartós Heverő;BE0109;Heverő
11704;HEVERŐ;BE0109;Heverő;31182;Ágyneműtartós Heverő;BE0109;Heverő
11900;TÁRGYALÓASZTAL 6 személyes;BA0701;Tárgyalóasztal klf.;31228;Tárgyalóasztal Cseresznye;BA0701;Tárgyalóasztal klf.
11916;FAVÁZAS TÁMLÁSSZÉK cseresznye pác;BU0601;Favázas támlásszék;31236;Favázas támlásszék;BU0601;Favázas támlásszék
11926;FAVÁZAS TÁMLÁSSZÉK cseresznye pác;BU0601;Favázas támlásszék;31226;Favázas támlásszék Cseresznye;BU0601;Favázas támlásszék
11782;SZÁMÍTÓGÉPASZTAL 67*67*75;BA0600;Számítógépasztal;31287;Számítógépasztal;BA0600;Számítógépasztal
11712;ÉTKEZŐASZTAL 6 SZEMÉLYES;BA0202;Étkező asztal 6. személyes;31290;Étkező asztal 6. személyes Bükk;BA0202;Étkező asztal 6. személyes
11784;SZÁMÍTÓGÉPASZTAL 67*67*75;BA0600;Számítógépasztal;31106;Számítógépasztal  Bükk;BA0600;Számítógépasztal
19695;ADJ-H32 L3/K2 rejtett lövedékálló mellén;EF0406;Rejtett viselésű lövedékálló mellény;25029;Külsö lövedékálló mellény;EF0402;Külső viselésű lövedékálló mellény
14736;SZÁMÍTÓGÉPASZTAL bükk 67x67x75;BA0600;Számítógépasztal;25670;Számítógépasztal;BA0600;Számítógépasztal
14832;FIÓKOS TÁROLÓ, bükk;BS0604;Görgős irattároló asztal melletti;25108;Görgős iratszekrény;BS0603;Görgős irattároló
18547;1 AJTÓS AKASZTÓS SZEKRÉNY 160 cm;BS0103;1 ajtós akasztós szekrény;25117;1 ajtós akasztós szekrény;BS0103;1 ajtós akasztós szekrény
14973;GÖRGŐS SZÉK, bordó szövet kárpitos;BU0501;Irodai forgószék;25104;Forgatható karosszék;BU0501;Irodai forgószék
15482;Iratszekrény 1 ajtós bükk (NNI);BS0102;1. ajtós szekrény;25044;1 ajtós iratszekrény;BS9920;Szekrény egyéb klf.
15488;Iratszekrény 1 ajtós bükk (NNI);BS0102;1. ajtós szekrény;25019;1 ajtós iratszekrény;BS0102;1. ajtós szekrény
15513;Iratszekrény 1 ajtós bükk (NNI);BS0102;1. ajtós szekrény;24982;1 ajtós irat szekrény;BS0102;1. ajtós szekrény
16983;ÜVEGES SZEKRÉNY (DB);BS0201;2. ajtós üveges szekrény;24970;2 ajtós vitrines szekrény;BS9925;Üveges szekrény
19358;Gorenje RK 611 PW4 kombinálthűtő;EH0204;Háztartási hűtőszekrény;24764;Gorenje RK 611 PW4 kombinálthűtő;EH0204;Háztartási hűtőszekrény
19616;ADJ-H32 L3/K2 rejtett lövedékálló mellén;EF0406;Rejtett viselésű lövedékálló mellény;24786;Lövedékálló mellény Milipol ADJ-H32/XXL;EF0406;Rejtett viselésű lövedékálló mellény
15423;Akasztós szekrény 1 ajtós bükk (NNI);BS0103;1 ajtós akasztós szekrény;29817;1. ajtós akasztós szekrény Bükk;BS0102;1. ajtós szekrény
17043;Mini Konyha (DB) mosogatótálcás;EH9907;Mini Konyha;29828;Konyhabútor alsó rész;BS0703;Konyhabútor alsó rész
14603;FÉM IRATSZEKRÉNY (DB);BS9906;Fém szekrény klf.;29819;Irattároló fémszekrény 4 polcos;BS0902; 1. ajtós vaslemez iratszekrény
19441;KÁVÉFŐZŐ De-Lomghi EC5.1;EH0103;Kávéfőző;29813;Delonghi Kávéfőző;EH0103;Kávéfőző
19254;Gorenje asztali hűtőszekrény RB 4092A;EH0204;Háztartási hűtőszekrény;29812;Gorenje hűtőszekrény;EH0204;Háztartási hűtőszekrény
18052;Bökk 1 jatós iratszekrény NNI;BS0102;1. ajtós szekrény;29815;1. ajtós polcos  szekrény Bükk;BS0102;1. ajtós szekrény
15544;Felső szekrény 1 ajtós bükk (NNI);BS0501;1. ajtós felső szekrény;25705;1 AJTÓS FELSŐSZEKRÉNY BÜKK (DB);BS0501;1. ajtós felső szekrény
19263;Gorenje kombinálthűtő R611;EH0204;Háztartási hűtőszekrény;26739;Gorenje hűtőszekrény;EH0204;Háztartási hűtőszekrény
14012;Irattároló szekrény;BS0102;1. ajtós szekrény;25716;1 AJTÓS IRATSZEKRÉNY cseresznye (DB);BS0102;1. ajtós szekrény
18258;Akasztós szekrény vezetői cseresznye NNI;BS0103;1 ajtós akasztós szekrény;25711;VEZETŐI  2 AJTÓS AKASZTÓS SZEKRÉNY (NNYI;BS0102;1. ajtós szekrény
15019;FIÓKOS TÁROLÓ vezetői, cseresznye;BS0604;Görgős irattároló asztal melletti;25720;GÖRGŐS IRATSZEKRÉNY cseresznye (DB)l;BS0603;Görgős irattároló
16991;FELSŐSZEKRÉNY Vezetői 2 ajtós;BS0501;1. ajtós felső szekrény;25714;2 AJTÓS VEZETŐI FELSŐSZEKRÉNY (NNYI);BS0202;2. ajtós szekrény
18180;Bükk felső szekrény 1 ajtós NNI;BS0102;1. ajtós szekrény;26088;1 ajtós felső szekrény bükk;BS0501;1. ajtós felső szekrény
17583;TÁMLÁS SZÉK (DB);BU0605;Egyéb szék;26067;támlás szék bordó kárpittal;BU0601;Favázas támlásszék
11813;1 AJTÓS AKASZTÓS SZEKRÉNY (DB);BS0103;1 ajtós akasztós szekrény;31119;1 ajtós akasztós szekrény Bükk;BS0103;1 ajtós akasztós szekrény
11808;1 ajtós polcos iratszekrény;BS0102;1. ajtós szekrény;31117;1 ajtós polcos szekrény Bükk;BS0103;1 ajtós akasztós szekrény
11774;Írósasztal 1134*67*75;BA0302;Kisméretű íróasztal;31312;Íróasztal Bükk;BA0302;Kisméretű íróasztal
11927;FAVÁZAS TÁMLÁSSZÉK cseresznye;BU0601;Favázas támlásszék;31215;Favázas támlásszék;BU0601;Favázas támlásszék
11913;ÉJJELISZEKRÉNY (DB);BS9903;Éjjeli szekrény;31220;Éjjeli szekrény Bükk;BS9903;Éjjeli szekrény
11817;1 AJTÓS AKASZTÓS SZEKRÉNY (DB);BS0103;1 ajtós akasztós szekrény;31209;1. ajtósakasztós  szekrény Bükk;BS0102;1. ajtós szekrény
11805;GÖRGŐS IRATSZEKRÉNY 3+1;BS0603;Görgős irattároló;31206;Görgős irattároló  Bükk;BS0603;Görgős irattároló
11776;Írósasztal 1134*67*75;BA0302;Kisméretű íróasztal;31204;Íróasztal 134cm  Bükk;BA0302;Kisméretű íróasztal
18338;Konferencia asztal NNI;BA0701;Tárgyalóasztal klf.;24973;Tárgyalóasztal;BA0701;Tárgyalóasztal klf.
18433;Rekeszes kulcstartó szekrény;BS9920;Szekrény egyéb klf.;24954;Kulcstartó szekrény fém;BS9920;Szekrény egyéb klf.
17891;Bükk 90 fokos ív NNI;BA0401;Íves elem klf.;24951;90 fokos ív;BA0401;Íves elem klf.
14862;FIÓKOS TÁROLÓ, bükk;BS0604;Görgős irattároló asztal melletti;24910;Görgős irattartó;BS0603;Görgős irattároló
14987;TÁMLÁS SZÉK bükk, bordó kárpittal;BU0601;Favázas támlásszék;24919;Favázas támlásszék;BU0601;Favázas támlásszék
14866;FIÓKOS TÁROLÓ, bükk;BS0604;Görgős irattároló asztal melletti;24903;örgős iratszekrény;BS0603;Görgős irattároló
15039;FÉMVÁZAS SZÉK szövet nélkül;BU0603;Fémvázas támlásszék;24892;Fémvázas támlásszék;BU0603;Fémvázas támlásszék
18305;Minikonyha mosogatótálcás NNI;EH9907;Mini Konyha;25683;Konyhaszekrény alsó;BS0712;Konyhaszekrény elem
19375;Vízforraló Philips HD3950/91;EH0501;Vízforraló;25688;Philips vízforraló;EH0501;Vízforraló
19353;Zanussi hűtőszekrény ZRG 15805WA;EH0204;Háztartási hűtőszekrény;25689;Zanussi hűtőszekrény;EH0204;Háztartási hűtőszekrény
19395;Mikrohullámú sütő Hausmeister Diana;EH0303;Mikrohullámú sütő klf. egyéb;25690;Hausmeister mikróhullámú sütő;EH0303;Mikrohullámú sütő klf. egyéb
18262;Cseresznye vezetői felsőszekrény NNI;BS0501;1. ajtós felső szekrény;29854;2. ajtós felső szekrény cseresznye;BS0502;2. ajtós felső szekrény
19626;ADJ-H32 L3/K2 rejtett lövedékálló mellén;EF0406;Rejtett viselésű lövedékálló mellény;24826;Lövedékálló mell. Milipol ADJ-H32-K/XXL;EF0406;Rejtett viselésű lövedékálló mellény
19607;ADJ-H32 L3/K2 rejtett lövedékálló mellén;EF0406;Rejtett viselésű lövedékálló mellény;24755;Lövedékálló mellény Milipol ADJ-H32/S;EF0406;Rejtett viselésű lövedékálló mellény
19605;ADJ-H32 L3/K2 rejtett lövedékálló mellén;EF0406;Rejtett viselésű lövedékálló mellény;24752;Lövedékálló mell. Milipol ADJ-H32-K / XS;EF0406;Rejtett viselésű lövedékálló mellény
19601;ADJ-H32 L3/K2 rejtett lövedékálló mellén;EF0406;Rejtett viselésű lövedékálló mellény;24747;Lövedékálló mell. Milipol ADJ-H32/S;EF0406;Rejtett viselésű lövedékálló mellény
19627;ADJ-H32 L3/K2 rejtett lövedékálló mellén;EF0406;Rejtett viselésű lövedékálló mellény;24827;Lövedékálló mell. Milipol ADJ-H32-K/XS;EF0406;Rejtett viselésű lövedékálló mellény
15038;GÖRGŐS SZÉK vezetői, bőr;BU0501;Irodai forgószék;29841;Vezetői forgószék bőr;BU0701;Vezetői forgószék
15025;TÁMLÁS SZÉK cseresznye, bordó kárpittal;BU0601;Favázas támlásszék;29856;TÁMLÁS SZÉK cseresznye, bordó kárpittal;BU0601;Favázas támlásszék
15008;FIÓKOS TÁROLÓ vezetői, cseresznye;BS0604;Görgős irattároló asztal melletti;29842;Görgős irattároló Cseresznye;BS0603;Görgős irattároló
17534;Vezetői íróasztal (DB);BA0305;Nagyméretű íróasztal;29845;Vezetői íróasztal Cseresznye;BA0305;Nagyméretű íróasztal
15420;Akasztós szekrény 1 ajtós bükk (NNI);BS0103;1 ajtós akasztós szekrény;29806;1. ajtós akasztós szekrény;BS0102;1. ajtós szekrény
17672;FÉMVÁZAS SZÉK . (DB);BU0603;Fémvázas támlásszék;29805;Fémvázas támlásszék bordó szövet;BU0603;Fémvázas támlásszék
18197;Bordó szövet kárpitos görgős szék NNI;BU0602;Favázas karosszék;29802;Irodai forgószék;BU0501;Irodai forgószék
17789;Bükk íróasztal NNI;BA0305;Nagyméretű íróasztal;29803;Íróasztal 134 cm Bükk;BA0302;Kisméretű íróasztal
19439;KÁVÉFŐZŐ De-Lomghi EC5.1;EH0103;Kávéfőző;28150;De Longi kávéfőző EC5.1;EH0103;Kávéfőző
15069;MINIKONYHA mosogatótálcás;EH9907;Mini Konyha;28141;Konyhabútor alsó rész;BS0703;Konyhabútor alsó rész
19367;Vízforraló Philips HD3950/91;EH0501;Vízforraló;28153;Vízforraló Philips HD9350/91;EH0501;Vízforraló
19260;Gorenje kombinálthűtő R611;EH0204;Háztartási hűtőszekrény;28147;Gorenje háztartási hűtőszekrény;EH0204;Háztartási hűtőszekrény
19415;Szendvicssütő Sencor SSM 4220SS;EH9707;Szendvicssűtő;28149;Szendvicssütő Sencor SSM 4220SS;EH9707;Szendvicssűtő
18107;Bükk felső szekrény 1 ajtós NNI;BS0102;1. ajtós szekrény;29211;1. ajtós felső szekrény;BS0501;1. ajtós felső szekrény
17686;FÉMVÁZAS SZÉK . (DB);BU0603;Fémvázas támlásszék;29455;Fémvázas támlásszék;BU0603;Fémvázas támlásszék
19393;Mikrohullámú sütő Hausmeister Diana;EH0303;Mikrohullámú sütő klf. egyéb;27480;Mikrohullámú sütő Hausmeister;EH0303;Mikrohullámú sütő klf. egyéb
15077;MINIKONYHA mosogatótálcás;EH9907;Mini Konyha;27487;KONYHASZEKRÉNY ALSÓ RÉSZ;BS0703;Konyhabútor alsó rész
5034;Szarvasi SZV 623 kávéfőző;EH0103;Kávéfőző;31160;Szarvasi Kávéfőző;EH0103;Kávéfőző
7689;Fényhíd;JT9901;Egyéb gépjármű  tartozék, alkatrész;30404;Fényhíd, Federal Signal (MZA-033);JT9901;Egyéb gépjármű  tartozék, alkatrész
19197;DELONGHI KÁVÉFŐZŐ;EH0103;Kávéfőző;29408;De Longi kávéfőző EC5.1;EH0103;Kávéfőző
19200;DIANA mikrohullámú sütő;EH0303;Mikrohullámú sütő klf. egyéb;29309;Mikrohullámú sütő Hausmeister Diana;EH0303;Mikrohullámú sütő klf. egyéb
19734;ADJ-H32-K L3/K2 rejtett lövedékálló mell;EF0406;Rejtett viselésű lövedékálló mellény;30407;ADJ-H32 L3/K2 REJTETT. LÖV. MELLÉNY;EF0406;Rejtett viselésű lövedékálló mellény
19646;ADJ-H32 L3/K2 rejtett lövedékálló mellén;EF0406;Rejtett viselésű lövedékálló mellény;30409;ADJ-H32 L3/K2 REJTETT. LÖV. MELLÉNY;EF0406;Rejtett viselésű lövedékálló mellény
19647;ADJ-H32 L3/K2 rejtett lövedékálló mellén;EF0406;Rejtett viselésű lövedékálló mellény;30413;ADJ-H32 L3/K2 KÜLSŐ LÖV. MELLÉNY;EF0402;Külső viselésű lövedékálló mellény
19648;ADJ-H32 L3/K2 rejtett lövedékálló mellén;EF0406;Rejtett viselésű lövedékálló mellény;30411;ADJ-H32 L3/K2 KÜLSŐ  LÖV. ÁLLÓ MELLÉNY;EF0402;Külső viselésű lövedékálló mellény
19649;ADJ-H32 L3/K2 rejtett lövedékálló mellén;EF0406;Rejtett viselésű lövedékálló mellény;30412;ADJ-H32 L3/K2 KÜLSŐ LÖV. ÁLLÓ MELLÉNY;EF0402;Külső viselésű lövedékálló mellény
19650;ADJ-H32 L3/K2 rejtett lövedékálló mellén;EF0406;Rejtett viselésű lövedékálló mellény;30381;ADJ-H32 Rejtett Löv. Álló Mellény;EF0406;Rejtett viselésű lövedékálló mellény
8027;"Garmin GPS 7.0""Navigációs készülék";SS9901;GPS navigációs eszköz;24350;"Garmin GPS 7.0""Navigációs készülék";SS9901;GPS navigációs eszköz
669;Iratmegsemmisítő Dahle;KI0400;Iratmegsemmisítő;24326;Dahle iratmegsemmisítő;KI0400;Iratmegsemmisítő
20540;DDOptic Pirschler keresőtávcső;EE1101;Nappali figyelő-felderítő eszközök;24362;DD Optics Pirschler 8x45 Gen 3 távcső;EE1102;Éjjellátó figyelő-felderítő eszközök
9533;XEROX C7025 színes másológép;KI0301;Fekete-fehér fénymásolók;24508;Xerox Versalink C7025 m. nyomt.;SN0699;Multifunkciós nyomtató egyéb
15659;Támlás szék bordó szövettel (NNI);BU0601;Favázas támlásszék;27108;Favázas támlásszék szövet kárpittal;BU0601;Favázas támlásszék
15610;Felső szekrény 1 ajtós bükk (NNI);BS0501;1. ajtós felső szekrény;26385;1. ajtós felső szekrény;BS0501;1. ajtós felső szekrény
19374;Vízforraló Philips HD3950/91;EH0501;Vízforraló;26387;Vízforraló, Philips;EH0502;Vizmelegítő
17933;Bükk 90 fokos ív NNI;BA0401;Íves elem klf.;25076;Sarokelem;BA9913;Egyéb asztal klf.
15004;TÁMLÁS SZÉK bükk, bordó kárpittal;BU0601;Favázas támlásszék;25059;Favázas támlásszék szövet kárpitta;BU0601;Favázas támlásszék
18043;Bökk 1 jatós iratszekrény NNI;BS0102;1. ajtós szekrény;25652;1 ajtós iratszekrény;BS0102;1. ajtós szekrény
19392;Mikrohullámú sütő Hausmeister Diana;EH0303;Mikrohullámú sütő klf. egyéb;28148;Mikrohullámú sütő Hausmeister Diana;EH0303;Mikrohullámú sütő klf. egyéb
18439;Rekeszes kulcstartó szekrény;BS9920;Szekrény egyéb klf.;27540;Kulcsdoboz szekrény;BS9912;Kulcstartó szekrény
18266;Cseresznye vezetői felsőszekrény NNI;BS0501;1. ajtós felső szekrény;27594;2 ajtós felső szekrény cseresznye;BS0502;2. ajtós felső szekrény
17564;SZÁMÍTÓGÉPASZTAL (DB);BA0600;Számítógépasztal;25387;SZÁMÍTÓGÉPASZTAL BÜKK (DB);BA0600;Számítógépasztal
15272;Íróasztal bükk 134 cm (NNI);BA0302;Kisméretű íróasztal;25836;íróasztal 134 cm bükk;BA0302;Kisméretű íróasztal
15442;Fiókos tároló bükk (NN);BS0604;Görgős irattároló asztal melletti;25407;GÖRGŐS IRATSZEKRÉNY BÜKK (DB);BS0603;Görgős irattároló
17128;2 AJTÓS IRATSZEKRÉNY (DB);BS0202;2. ajtós szekrény;26377;2. ajtós polcos szekrény;BS0202;2. ajtós szekrény
16997;FELSŐSZEKRÉNY Vezetői 2 ajtós;BS0501;1. ajtós felső szekrény;26382;2. ajtós felső szekrény;BS0502;2. ajtós felső szekrény
15066;GÖRGŐS SZÉK vezetői, bőr;BU0501;Irodai forgószék;26365;Vezetői forgószék, bőr;BU0701;Vezetői forgószék
19739;ADJ-H32-K L3/K2 rejtett lövedékálló mell;EF0406;Rejtett viselésű lövedékálló mellény;27110;Külső lövedékálló mellény;EF0402;Külső viselésű lövedékálló mellény
19740;ADJ-H32-K L3/K2 rejtett lövedékálló mell;EF0406;Rejtett viselésű lövedékálló mellény;26741;Lövedékálló mellény külső;EF0402;Külső viselésű lövedékálló mellény
19708;ADJ-H32 L3/K2 rejtett lövedékálló mellén;EF0406;Rejtett viselésű lövedékálló mellény;26740;Külső lövedékálló mellény;EF0402;Külső viselésű lövedékálló mellény
7766;2 kazettás magnó Panasonic;KH0103;Kazettás magnó;26836;KAZETTÁS MAGNÓ (DB);KH0103;Kazettás magnó
16826;FELSŐSZEKRÉNY  (DB);BS0501;1. ajtós felső szekrény;27071;1 ajtós felsőszekrény;BS0501;1. ajtós felső szekrény
15029;FIÓKOS TÁROLÓ vezetői, cseresznye;BS0604;Görgős irattároló asztal melletti;25539;Görgős irattároló;BS0603;Görgős irattároló
15012;FIÓKOS TÁROLÓ vezetői, cseresznye;BS0604;Görgős irattároló asztal melletti;28283;GÖRGŐS IRATSZEKRÉNY vezetői, cseresznye;BS0604;Görgős irattároló asztal melletti
18264;Cseresznye vezetői felsőszekrény NNI;BS0501;1. ajtós felső szekrény;28274;Felső szekrény 2 ajtós cseresznye;BS0502;2. ajtós felső szekrény
19280;De Longi kávéfőző EC5.1;EH0103;Kávéfőző;27473;De Longi kávéfőző EC5.1;EH0103;Kávéfőző
16993;FELSŐSZEKRÉNY Vezetői 2 ajtós;BS0501;1. ajtós felső szekrény;25226;2 AJTÓS FELSŐSZEKRÉNY cseresznye;BS0502;2. ajtós felső szekrény
15020;FIÓKOS TÁROLÓ vezetői, cseresznye;BS0604;Görgős irattároló asztal melletti;25223;GÖRGŐS IRATSZEKRÉNY CSERESZNYE (DB);BS0603;Görgős irattároló
19593;ADJ-H32 L3/K2 rejtett lövedékálló mellén;EF0406;Rejtett viselésű lövedékálló mellény;25231;Lövedékálló mellény ADJ-H32/XXL;BS0102;1. ajtós szekrény
17041;Mini Konyha (DB) mosogatótálcás;EH9907;Mini Konyha;26837;Konyhaszekrény alsó mosogatóval;BS0703;Konyhabútor alsó rész
19394;Mikrohullámú sütő Hausmeister Diana;EH0303;Mikrohullámú sütő klf. egyéb;26845;hausmeister mikró;EH0303;Mikrohullámú sütő klf. egyéb
13589;gorenje;EE9900;Egyéb gép, berendezés, felszerelés;25664;Gorenje mikróhullámú sütö;EH0303;Mikrohullámú sütő klf. egyéb
18379;Drón hőkamerával, tartozékokkal;KE0401;Egyéb hiradástechnikai eszközök;28776;DJI DRÓN+ TARTOZÉK;EE1110;Egyéb optikai eszközök
23355;Drogmérleg;EH1299;Különféle egyéb mérleg;28781;VOLTCRAFT TS-500 mérleg;EH1202;Digitális Mérleg
23356;Drogmérleg;EH1299;Különféle egyéb mérleg;28780;VOLTCRAFT TS-500mérleg;EH1202;Digitális Mérleg
9148;Külső DVD Író Transcend USB 2.0;SS9902;Egyéb számítástechnikai eszközök;27719;Transcend TS8XDV Külső DVD író;SE9900;Egyéb számítástechnikai eszköz
7180;VAKU NIKON;KK0804;Vaku;27686;KÖR VAKU NIKON;KK0804;Vaku
7251; MONITOR;SS0202;Monitor LCD;27699;ACER V246HL monitor;SS0299;Monitor egyéb
2503;DOHÁNYZÓ ASZTAL (DB);BA0101;Dohányzó asztal klf.;29886;Dohányzó asztal klf.;BA0101;Dohányzó asztal klf.
17132;2 AJTÓS IRATSZEKRÉNY (DB);BS0202;2. ajtós szekrény;29905;2. ajtós szekrény;BS0202;2. ajtós szekrény
18340;Konferencia asztal NNI;BA0701;Tárgyalóasztal klf.;29893;Tárgyalóasztal klf.;BA0701;Tárgyalóasztal klf.
16566;Irodai asztal;BA0307;Íróasztal klf. egyéb;29870;Kisméretű íróasztal;BA0302;Kisméretű íróasztal
16757;1 AJTÓS AKASZTÓS SZEKRÉNY (DB);BS0103;1 ajtós akasztós szekrény;28349;1 AJTÓS AKASZTÓS SZEKRÉNY, bükk;BS0103;1 ajtós akasztós szekrény
18044;Bökk 1 jatós iratszekrény NNI;BS0102;1. ajtós szekrény;28350;1 AJTÓS IRATSZEKRÉNY BÜKK (DB);BS0102;1. ajtós szekrény
7933;"2TB 3,5"" HDD KÜLSŐ merevlemez";SE1402;HDD > 500 GB;29562;Külső HDD Seagate 2TB;SE1402;HDD > 500 GB
7893;"4TB 3,5"" HDD KÜLSŐ merevlemez";SE1402;HDD > 500 GB;29116;Külső HDD Toshiba  4TB Canvio Basic;SE1402;HDD > 500 GB
7934;"2TB 3,5"" HDD KÜLSŐ merevlemez";SE1402;HDD > 500 GB;29545;Külső HDD SEAGATE Expansion 2TB;SE1402;HDD > 500 GB
16803;1 AJTÓS IRATSZEKRÉNY (DB);BS0102;1. ajtós szekrény;28431;1 AJTÓS IRATSZEKRÉNY BÜKK (DB);BS0103;1 ajtós akasztós szekrény
15392;Fiókos tároló bükk (NNI);BS0604;Görgős irattároló asztal melletti;26239;görgős iratszekrény bükk;BS0603;Görgős irattároló
19281;De Longi kávéfőző EC5.1;EH0103;Kávéfőző;25734;DeLonghi kávéfőző;EH0103;Kávéfőző
20176;Álló ventillátor;EE1302;Álló ventilátor;25731;ÁLLÓ VENTILÁTOR;EE1302;Álló ventilátor
15635;Támlás szék bordó szövettel (NNI);BU0601;Favázas támlásszék;26185;bükk támlás szék szövet kárpittal;BU0601;Favázas támlásszék
23828;Winchester külső 2,5 1TB;SS9902;Egyéb számítástechnikai eszközök;29115;Külső HDD WD Elements 1TB;SE1402;HDD > 500 GB
5868;DAHLE 22114 IRATMEGSEMMISÍTŐ;KI0400;Iratmegsemmisítő;30211;Dahle iratmegsemmisítő;KI0400;Iratmegsemmisítő
19416;Szendvicssütő Sencor SSM 4220SS;EH9707;Szendvicssűtő;27475;Sencor Szendvicssűtő;EH9707;Szendvicssűtő
13015;biztonsági tároló;BS0905;Értékmegőrző szekrény;24817;Páncélszekrény;BS0906;Páncélszekrény
19547;AN-UP 2016 L4/K2 külső löv.álló mellény;EF0402;Külső viselésű lövedékálló mellény;24875;AN-UP 2016 L4/K2 külső löv.álló mellény;EF0402;Külső viselésű lövedékálló mellény
11270;GÖRGŐS IRATSZEKRÉNY BÜKK (DB);BS0603;Görgős irattároló;27185;GÖRGŐS IRATSZEKRÉNY BÜKK (DB);BS0603;Görgős irattároló
18478;Dohányzóasztal cseresznye;BA0101;Dohányzó asztal klf.;27182;Dohányzóasztal cseresznye;BA9913;Egyéb asztal klf.
18479;Alul fa, felül üvegajtós polcos szekrény;BS9920;Szekrény egyéb klf.;27181;Üveges szekrény 4 ajtós;BS9925;Üveges szekrény
20018;Állványos elekt. kézfertőtlenítő adagoló;EL0000;Labortechnikai eszközök;27150;Állványos elekt. kézfertőtlenítő adagoló;EL0000;Labortechnikai eszközök
9964;Támlásszék Iso Full Crom (KR);BU0603;Fémvázas támlásszék;27314;Fémvázas támlásszék;BU0603;Fémvázas támlásszék
10074;ÉJJELISZEKRÉNY (DB);BS9903;Éjjeli szekrény;27310;Éjjeli szekrény;BS9903;Éjjeli szekrény
19670;ADJ-H32 L3/K2 rejtett lövedékálló mellén;EF0406;Rejtett viselésű lövedékálló mellény;27208;ADJ-H32 L3/K2 külső löv.mell XL;EF0402;Külső viselésű lövedékálló mellény
19746;ADJ-H32-K L3/K2 rejtett lövedékálló mell;EF0406;Rejtett viselésű lövedékálló mellény;27205;ADJ-H32-K L3/K2 külső löv.mell L;EF0402;Külső viselésű lövedékálló mellény
6780;"Monitor 22"" SamsungLED LCD";SS0202;Monitor LCD;27890;Samsung LCD MONITOR;SS0202;Monitor LCD
20019;Állványos elekt. kézfertőtlenítő adagoló;EL0000;Labortechnikai eszközök;27893;Kézfertőtlenítő álványos;BE0303;Állvány egyéb
19743;ADJ-H32-K L3/K2 rejtett lövedékálló mell;EF0406;Rejtett viselésű lövedékálló mellény;28803;ADJ-H32-K L3/K2 rejtett lövedékálló mell;EF0406;Rejtett viselésű lövedékálló mellény
14352;HAUSMEISTER mikrohullámú sütő;EH0303;Mikrohullámú sütő klf. egyéb;27481;Mikrohullámú sütő Hausmeister;EH0303;Mikrohullámú sütő klf. egyéb
15806;Irattároló fémszekrény 4 polcos;BS9906;Fém szekrény klf.;27470;Irattároló fémszekrény 4 polcos;BS9906;Fém szekrény klf.
19257;Gorenje asztali hűtőszekrény RB 4092A;EH0204;Háztartási hűtőszekrény;26213;GORENJE RB4092  hűtőszekrény;EH0204;Háztartási hűtőszekrény
19597;ADJ-H32 L3/K2 rejtett lövedékálló mellén;EF0406;Rejtett viselésű lövedékálló mellény;27034;Lövedékálló mellény Milipol ADJ-H32/M;EF0406;Rejtett viselésű lövedékálló mellény
19599;ADJ-H32 L3/K2 rejtett lövedékálló mellén;EF0406;Rejtett viselésű lövedékálló mellény;27031;Lövedékálló mellény Milipol ADJ-H32/3XL;EF0406;Rejtett viselésű lövedékálló mellény
19600;ADJ-H32 L3/K2 rejtett lövedékálló mellén;EF0406;Rejtett viselésű lövedékálló mellény;27032;Lövedékálló mellény Milipol ADJ-H32/2XL;EF0406;Rejtett viselésű lövedékálló mellény
14909;1 AJTÓS IRATSZEKRÉNY bükk 160x60x40;BS0102;1. ajtós szekrény;25374;1 AJTÓS IRATSZEKRÉNY BÜKK (DB);BS0103;1 ajtós akasztós szekrény
18255;Akasztós szekrény vezetői cseresznye NNI;BS0103;1 ajtós akasztós szekrény;25366;1 AJTÓS AKASZTÓS SZEKRÉNY CSERESZNYE (DB;BS0103;1 ajtós akasztós szekrény
18268;Cseresznye vezetői felsőszekrény NNI;BS0501;1. ajtós felső szekrény;25362;2 AJTÓS FELSŐ  IRATSZEKRÉNY CSERESZNYE;BS0202;2. ajtós szekrény
17546;Vezetői íróasztal (DB);BA0305;Nagyméretű íróasztal;25351;Vezetői íróasztal cseresznxe;BA0305;Nagyméretű íróasztal
14011;Irattároló szekrény;BS0102;1. ajtós szekrény;25365;1 AJTÓS IRATSZEKRÉNY CSERESZNYE (DB);BS0103;1 ajtós akasztós szekrény
17650;TÁRGYALÓASZTAL (DB);BA0701;Tárgyalóasztal klf.;25352;Vezetői tárgyalóasztal cseresznye;BA0305;Nagyméretű íróasztal
13078;GÖRGŐS IRATSZEKRÉNY BÜKK (DB);BS0603;Görgős irattároló;28886;Görgős irattároló szekrény;BS0603;Görgős irattároló
13063;SZÁMÍTÓGÉPASZTAL BÜKK (DB);BA0601;Számítógépasztal;28887;Számítógépasztal;BA0600;Számítógépasztal
14331;ASZTALI LÁMPA (DB);KI0101;Asztali-,állólámpa, csillár;28889;Asztalilámpa;KI0100;Asztali-,állólámpa, csillár
13075;GÖRGŐS IRATSZEKRÉNY BÜKK (DB);BS0603;Görgős irattároló;28856;Görgős irattároló;BS0603;Görgős irattároló
17237;90 FOKOS ÍV BÜKK (DB);BA0401;Íves elem klf.;28857;90 fokos ív;BA0401;Íves elem klf.
13136;1 AJTÓS LEMEZ IRATSZEKRÉNY 180x50;BS0902; 1. ajtós vaslemez iratszekrény;28865;1. ajtós vaslemez iratszekrény;BS0902; 1. ajtós vaslemez iratszekrény
13112;1 ajtós felsőszekrény bükk;BS0501;1. ajtós felső szekrény;28861;1. ajtós felső szekrény;BS0501;1. ajtós felső szekrény
13160;forgatható karosszék szövet kárpittal;BU0501;Irodai forgószék;28873;Irodai forgószék;BU0501;Irodai forgószék
13090;1 AJTÓS IRATSZEKRÉNY BÜKK (DB);BS0102;1. ajtós szekrény;28859;1. ajtós szekrény polcos;BS0102;1. ajtós szekrény
14136;ÁLLÓ RUHAFOGAS fém (DB);BE0201;Álló ruhafogas klf.;28969;Álló ruhafogas;BE0201;Álló ruhafogas klf.
13218;SZÁMÍTÓGÉPASZTAL (DB);BA0600;Számítógépasztal;28968;Számítógépasztal Bükk;BA0600;Számítógépasztal
13070;SZÁMÍTÓGÉPASZTAL BÜKK (DB);BA0601;Számítógépasztal;28959;Számítógépasztal Bükk;BA0600;Számítógépasztal
13086;GÖRGŐS IRATSZEKRÉNY BÜKK (DB);BS0603;Görgős irattároló;28962;Görgős irattároló szekrény Bükk;BS0603;Görgős irattároló
13055;ÍRÓASZTAL 134 CM-ES BÜKK (DB);BA0302;Kisméretű íróasztal;28963;Íróasztal 134 cm Bükk;BA0302;Kisméretű íróasztal
13102;1 AJTÓS IRATSZEKRÉNY BÜKK (DB);BS0102;1. ajtós szekrény;28956;1. ajtós polcos szekrény;BS0501;1. ajtós felső szekrény
18202;Bordó szövet kárpitos görgős szék NNI;BU0602;Favázas karosszék;27805;Bordó szövet kárpitos görgős szék;BS0102;1. ajtós szekrény
15233;1 AJTÓS FELSŐSZEKRÉNY bükk 75x60x40;BS0501;1. ajtós felső szekrény;27047;1 ajtós felső szekrény;BS0501;1. ajtós felső szekrény
17373;BÜKK FIÓKOS TÁROLÓ (DB);BS0604;Görgős irattároló asztal melletti;27038;GÖRGŐS IRATSZEKRÉNY;BS0603;Görgős irattároló
17190;ÍRÓASZTAL (DB);BA0305;Nagyméretű íróasztal;27042;íróasztal 134 cm;BA0302;Kisméretű íróasztal
14800;90 FOKOS ÍV, bükk 67x67x75;BA0401;Íves elem klf.;27040;90 fokos ív;BA0401;Íves elem klf.
15016;FIÓKOS TÁROLÓ vezetői, cseresznye;BS0604;Görgős irattároló asztal melletti;25312;GÖRGŐS IRATSZEKRÉNY CSERESZNYE;BS0603;Görgős irattároló
18271;Cseresznye vezetői felsőszekrény NNI;BS0501;1. ajtós felső szekrény;25328;2 AJTÓS FELSŐSZEKRÉNY cseresznye;BS0502;2. ajtós felső szekrény
14928;1 AJTÓS IRATSZEKRÉNY bükk 160x60x40;BS0102;1. ajtós szekrény;25902;1 ajtós iratszekrény bükk;BS0102;1. ajtós szekrény
13053;ÍRÓASZTAL 134 CM-ES BÜKK (DB);BA0302;Kisméretű íróasztal;28944;Íróasztal Bükk;BA0302;Kisméretű íróasztal
13096;1 AJTÓS IRATSZEKRÉNY BÜKK (DB);BS0102;1. ajtós szekrény;28917;1. ajtós alsószekrény polcos;BS0102;1. ajtós szekrény
13118;1 ajtós felsőszekrény bükk;BS0501;1. ajtós felső szekrény;28918;1. ajtós felsőszekrény;BS0501;1. ajtós felső szekrény
11627;90 FOKOS ÍV CSERESZNYE;BA0401;Íves elem klf.;28843;90 fokos ív;BA0401;Íves elem klf.
21168;90 fokos ív bükk;BA0401;Íves elem klf.;28510;90 fokos ív bükk;BA0401;Íves elem klf.
3996;PC FS ESPRIMO E410 G1610;SS0100;Asztali számítógép;28278;Fujitsu számítógép BRFK tulajdon;SS0100;Asztali számítógép
5356;Kenyérpírító;EH9708;Egyéb elektromos háztartási asztali eszk;28143;Kenyérpirító;EH9800;Egyéb konyhai felszerelés
19584;ADJ-H32 L3/K2 rejtett lövedékálló mellén;EF0406;Rejtett viselésű lövedékálló mellény;28474;Lövedékálló mellény Milipol ADJ-H32 L;BS9906;Fém szekrény klf.
19253;Gorenje asztali hűtőszekrény RB 4092A;EH0204;Háztartási hűtőszekrény;28550;Gorenje  hűtőszekrény;EH0204;Háztartási hűtőszekrény
19378;Vízforraló Philips HD3950/91;EH0501;Vízforraló;25130;Vízforraló Philips;EH0501;Vízforraló
19282;De Longi kávéfőző EC5.1;EH0103;Kávéfőző;25132;De Longi kávéfőző;EH0103;Kávéfőző
19256;Gorenje asztali hűtőszekrény RB 4092A;EH0204;Háztartási hűtőszekrény;25125;Háztartási hűtőszekrény Gorenje;EH0204;Háztartási hűtőszekrény
19264;Gorenje kombinálthűtő R611;EH0204;Háztartási hűtőszekrény;25124;Háztartási hűtőszekrény Gorenje;EH0204;Háztartási hűtőszekrény
17647;MINIKONYHA MOSOGATÓTÁLCÁS (DB);BS0705;Konyhaszekrény;25127;Konyhabútor alsó rész;BS0703;Konyhabútor alsó rész
18554;IRATTÁROLÓ FÉMSZEKRÉNY 4 polcos;BS9920;Szekrény egyéb klf.;25331;Irattároló fémszekrény 4 polcos;BS9906;Fém szekrény klf.
17523;GÖRGŐS SZÉK (DB);BU0605;Egyéb szék;25174;Bordó szövet kárpitos görgős szék;BA0401;Íves elem klf.
13170;ÉTKEZŐASZTAL 6 SZEMÉLYES (DB);BA0202;Étkező asztal 6. személyes;28826;Étkező asztal 6. személyes;BA0202;Étkező asztal 6. személyes
5764;LED LÁMPA;EE2299;egyéb világítástechnikai eszközök;28788;LED LÁMPA;EE2203;Keresőlámpák
13167;ÉJJELISZEKRÉNY bükk;BS9903;Éjjeli szekrény;28810;Éjjeli szekrény;BS9903;Éjjeli szekrény
14198;Álló ventillátor HAUSER F-44;EE1302;Álló ventilátor;28808;Hauser F-44 Álló ventilátor;EE1302;Álló ventilátor
13187;FAVÁZAS TÁMLÁSSZÉK SZÖVET KÁRPITTAL (DB);BU0601;Favázas támlásszék;28993;FAVÁZAS TÁMLÁSSZÉK SZÖVET KÁRPIT.Cseresz;BU0601;Favázas támlásszék
18303;Minikonyha mosogatótálcás NNI;EH9907;Mini Konyha;26268;Konyhabútor alsó rész;BS0703;Konyhabútor alsó rész
19284;De Longi kávéfőző EC5.1;EH0103;Kávéfőző;26280;Kávéfőző, De Longi EC5.1;EH0103;Kávéfőző
19354;Zanussi hűtőszekrény ZRG 15805WA;EH0204;Háztartási hűtőszekrény;26278;Hűtőszekrény, Zanussi ZRG15805WA;EH0204;Háztartási hűtőszekrény
19396;Mikrohullámú sütő Hausmeister Diana;EH0303;Mikrohullámú sütő klf. egyéb;26267;Mikrohullámú sütő, Hausmeister;EH0303;Mikrohullámú sütő klf. egyéb
19262;Gorenje kombinálthűtő R611;EH0204;Háztartási hűtőszekrény;26281;Hűtőszekrény, Gorenje;EH0204;Háztartási hűtőszekrény
15725;Támlás szék bordó szövettel (NNI);BU0601;Favázas támlásszék;26690;Favázas támlásszék, szövet kárpittal;BU0601;Favázas támlásszék
3389;KONFERENCIA ASZTAL /ÖSSZECSUKHATÓ (DB);BA0701;Tárgyalóasztal klf.;26685;Tárgyalóasztal;BA0701;Tárgyalóasztal klf.
19585;ADJ-H32 L3/K2 rejtett lövedékálló mellén;EF0406;Rejtett viselésű lövedékálló mellény;29188;ADJ-H32 Lövedékálló mellény  XL;EF0406;Rejtett viselésű lövedékálló mellény
13606;Fényhíd;JT9901;Egyéb gépjármű  tartozék, alkatrész;29519;Hella fényhíd RTK 7;EE9500;Egyéb műszerek és berendezések
18441;Rekeszes kulcstartó szekrény;BS9920;Szekrény egyéb klf.;28626;KULCSDOBOZTARTÓ SZEKRÉNY FÉM;BS9912;Kulcstartó szekrény
13241;ÉTKEZŐASZTAL 6 SZEMÉLYES (DB);BA0202;Étkező asztal 6. személyes;28992;Étkezőasztal 6 személyes Bükk;BA0202;Étkező asztal 6. személyes
8737;Szarvasi kávéfőző;EH0103;Kávéfőző;28985;Szarvasi kávéfőző;EH0103;Kávéfőző
20020;Állványos elekt. kézfertőtlenítő adagoló;EL0000;Labortechnikai eszközök;28797;Állványos elektromos kézfertőtlenítő;BE0303;Állvány egyéb
11656;1 AJTÓS POLCOS IRATSZEKRÉNY;BS0102;1. ajtós szekrény;31098;1. ajtós polcos szekrény  Bükk;BS0102;1. ajtós szekrény
11662;1 AJTÓS AKASZTÓS SZEKRÉNY;BS0103;1 ajtós akasztós szekrény;31096;1. ajtós akasztós szekrény  Bükk;BS0102;1. ajtós szekrény
11690;FAVÁZAS TÁMLÁSSZÉK SZÖVET KÁRPITTAL;BU0601;Favázas támlásszék;31092;Favázas támlásszék;BU0601;Favázas támlásszék
11637;ÍRÓASZTAL 134 CM-ES BÜKK;BA0302;Kisméretű íróasztal;31090;íRÓASZTAL 134 CM Bükk;BA0302;Kisméretű íróasztal
11667;1 AJTÓS FELSŐ SZEKRÉNY;BS0501;1. ajtós felső szekrény;31100;1. ajtós felső szekrény  Bükk;BS0501;1. ajtós felső szekrény
11691;FAVÁZAS TÁMLÁSSZÉK SZÖVET KÁRPITTAL;BU0601;Favázas támlásszék;31085;Favázas támlásszék Bükk;BU0601;Favázas támlásszék
11705;TÁRGYALÓASZTAL cseresznye 6 szem.;BA0701;Tárgyalóasztal klf.;31166;Tárgyalóasztal Cseresznye;BA0701;Tárgyalóasztal klf.
11652;GÖRGŐS IRATSZEKRÉNY BÜKK;BS0603;Görgős irattároló;31049;Görgős irattároló  Bükk;BS0603;Görgős irattároló
11664;1 AJTÓS AKASZTÓS SZEKRÉNY;BS0103;1 ajtós akasztós szekrény;31040;1. ajtós  akasztós szekrény Bükk;BS0102;1. ajtós szekrény
17932;Bükk 90 fokos ív NNI;BA0401;Íves elem klf.;26618;Sarok elem;BA0401;Íves elem klf.
384;Töltő-ürítő lövedékcsapda;EE1011;Lövedékmegfogó berendezés;1193;Töltő-ürítő lövedékcsapda;EE1011;Lövedékmegfogó berendezés
1044;Fotelágy (DB);BE0107;Fotelágy;1282;Fotelágy;BE0107;Fotelágy
976;Szarvasi espresso kávéfőző;EH9708;Egyéb elektromos háztartási asztali eszk;1230;Szarvasi kávéfőző;EH0103;Kávéfőző
1966;Laptop - Dell Vostro 3568;SS03;Laptop;4170;Laptop - Dell G3 3579;SS03;Laptop
4108;Monitor - LG IPS;SS02;Monitor;4171;Monitor LG 24BK550Y;SS02;Monitor
3888;Laptop - Dell Vostro 3500;SS03;Laptop;4173;Laptop Dell Vostro 15 3000;SS03;Laptop
1944;Laptop - Dell Vostro 3568;SS03;Laptop;4201;Laptop - Vostro 15 3568;SS03;Laptop
1925;Laptop - Dell Vostro 3568;SS03;Laptop;4202;Laptop - Vostro 3558;SS03;Laptop
1386;Laptop Dell Inspiron 15;SS03;Laptop;4219;Laptop - Inspiron 15 5567;SS03;Laptop
1667;Monitor - Dell Inspiron 5559;SS02;Monitor;4227;Monitor DELL;SS02;Monitor
2627;"Monitor- DELL LCD Monitor 23""";SS02;Monitor;4234;Monitor DELL;SS02;Monitor
1421;Laptop Dell Inspiron;SS03;Laptop;4264;Laptop - Inspiron 15 5567;SS03;Laptop
2662;Projektor - BENQ MW535;KK01;Projektor;4348;Projektor Epson EB-W31;KK01;Projektor
1941;Laptop - Dell Vostro 3568;SS03;Laptop;4367;Laptop - Vostro 3590;SS03;Laptop
1422;Laptop Dell Inspiron;SS03;Laptop;4368;Laptop - Inspiron 5559;SS03;Laptop
4120;Monitor - LG IPS;SS02;Monitor;4369;Monitor LG;SS02;Monitor
3350;Laptop - Dell NB Vostro 3590;SS03;Laptop;4398;Laptop DELL Vostro 15 3000;SS03;Laptop
1904;Projektor - CP-X3042WN;KK01;Projektor;4399;Projektor Epson EB-W31;KK01;Projektor
2681;Monitor - AOC I2490VXQ/BT;SS02;Monitor;4402;Monitor AOC;SS02;Monitor
2462;Mosógép- Electrolux EWS1276CI;EH13;Mosógép;4417;Mosogatógép AEG;EH06;Mosogatógép
1423;Laptop DELL Inspiron 15;SS03;Laptop;4434;Laptop - Inspiron 15 3576;SS03;Laptop
1939;Laptop - Dell Vostro 3568;SS03;Laptop;4436;Laptop - Vostro 15 5568;SS03;Laptop
3673;Laptop - ASUS VivoBook S15;SS03;Laptop;4454;Laptop - XPS 13 9380;SS03;Laptop
2160;"Laptop - Acer 11.6"" HD Intel Celeron";SS03;Laptop;4482;Laptop - XPS 13 7390;SS03;Laptop
1644;SWITCH LINKSYS 8 PORTOS EZXS88W;SH05;Switch;4529;TP-LINK 8 PORTOS;SH99;Egyéb hálózati eszköz
3852;Laptop - DELL Latitude 3520;SS03;Laptop;4543;Laptop DELL Latitude 3520;SS03;Laptop
1947;Laptop - Dell Vostro 3568;SS03;Laptop;4552;Laptop - Latitude 3500;SS03;Laptop
1427;Laptop DELL Inspiron;SS03;Laptop;4554;Laptop - Inspiron 5558;SS03;Laptop
1946;Laptop - Dell Vostro 3568;SS03;Laptop;4555;Laptop - Latitude 3520;SS03;Laptop
3045;"Monitor- LG IPS 23,8""";SS02;Monitor;4559;Monitor LG;SS02;Monitor
1972;Laptop - Dell Vostro 3568;SS03;Laptop;4573;Laptop - Dell G3 15 3590;SS03;Laptop
2716;Laptop - Dell G3 15 Gaming Black;SS03;Laptop;4588;Laptop - Dell G3 15 3590;SS03;Laptop
3276;Laptop - ACER Nitro 5;SS03;Laptop;4595;Laptop - Vostro 15 3568;SS03;Laptop
1905;Monitor - AOC Gaming LED;SS02;Monitor;4604;Monitor AOC;SS02;Monitor
2796;Monitor - PHILIPS 243V7QJABF;SS02;Monitor;4605;Monitor Philips;SS02;Monitor
3043;Laptop- ASUS VivoBook S15;SS03;Laptop;4612;Laptop - Vostro 3558;SS03;Laptop
49;SWITCH CISCO SE2500;SH02;Switch, Hub, Gateway;4615;Cisco Switch;SH99;Egyéb hálózati eszköz
2544;Laptop- DELL Vostro 3568;SS03;Laptop;4616;Laptop DELL VOSTRO 15 3000;SS03;Laptop
3564;"Monitor Dell P2419H 24"" LED";SS02;Monitor;4629;Monitor - Dell P2419H;SS02;Monitor
2503;Monitor- LG LED monitor;SS02;Monitor;4630;Monitor LG;SS02;Monitor
2680;Laptop - Dell Vostro 3568;SS03;Laptop;4632;Laptop DELL;SS03;Laptop
3013;Notebook - ASUS VivoBook 15X 512FA-BQ685;SS03;Laptop;4633;Laptop - Vostro 3558;SS03;Laptop
2529;Monitor- Philips 243V7QDAB/00 LED;SS02;Monitor;4634;Monitor Philips;SS02;Monitor
1867;Monitor - DELL LCD;SS02;Monitor;4637;Monitor DELL;SS02;Monitor
3126;Számítógép- ASUS VivoMini PC;SS03;Laptop;4638;Számítógép DELL OptiPlex 3070;SS01;Számítógép
2825;Monitor - Philips 243V7QJABF/00;SS02;Monitor;4641;Monitor Philips;SS02;Monitor
2992;Laptop- ASUS FX505DYAL071;SS03;Laptop;4644;Laptop - Vostro 15 3568;SS03;Laptop
2991;Laptop- ASUS ROG-STRIX-RTX2060-O6G;SS03;Laptop;4653;Laptop Asus;SS03;Laptop
768;asztal kiegészítő 90 fokos elem;BA04;Kiegészítők asztalhoz;4672;Asztalív;BA04;Kiegészítők asztalhoz
1443;Számitógép DELL Optiplex 7020MT;SS03;Laptop;4676;Asztali számítógép - OptiPlex 7020;SS01;Számítógép
2788;Monitor - Dell S2419H;SS02;Monitor;4681;Monitor - Dell E2417H;SS02;Monitor
93;CANON FÉNYMÁSOLÓ;KI02;Fénymásoló, Multifunkciós eszköz;4684;Nyomtató CanonMF4330D;SN01;Nyomtató
2986;Laptop- Lenovo Thinkpad T460s;SS03;Laptop;4685;Laptop - Vostro 15 3568;SS03;Laptop
3065;Számítógép- ASUS VivoMini UN65U-M005M;SS01;Számítógép;4686;Asztali számítógép - OptiPlex 7020;SS01;Számítógép
2538;Számítógép-  DELL Optiplex 3050 Small;SS01;Számítógép;4690;asztali számítógép dell;SS01;Számítógép
2981;Laptop- ACER Swift 3;SS03;Laptop;4701;Laptop - Vostro 15 3568;SS03;Laptop
1754;Laptop - Dell Optiplex 3040MT;SS03;Laptop;4702;Számítógép DELL OptiPlex 3050;SS01;Számítógép
1902;Számítógép - DELL PC Optiplex;SS01;Számítógép;4704;Számítógép - Dell Optiplex 7020MT;SS01;Számítógép
3072;Nyomtató - Canon PIXMA MG2555S B;SN01;Nyomtató;4705;Nyomtató - Canon;SN01;Nyomtató
2479;Számítógép;SS01;Számítógép;4713;Asztali számítógép - OptiPlex 3040;SS01;Számítógép
2958;"Laptop- ASUS X512FB-BQ219 15.6""";SS03;Laptop;4715;Laptop - Inspiron 5558;SS03;Laptop
3135;Monitor- Philips 243V7QJABF;SS02;Monitor;4722;monitor philips;SS02;Monitor
2525;Számítógép;SS01;Számítógép;4723;Asztali számítógép - OptiPlex 3050;SS01;Számítógép
1758;Laptop - Dell Optiplex 3040MT;SS03;Laptop;4725;Számítógép DELL;SS01;Számítógép
2806;Monitor - ASUS VivoBook 15 szürke;SS03;Laptop;4726;Laptop - Inspiron 5559;SS03;Laptop
2536;Laptop- DELL Vostro 3568;SS03;Laptop;4733;Laptop DELL;SS03;Laptop
2543;Számítógép-  Imperium Core i5;SS01;Számítógép;4734;Asztali számítógép - OptiPlex 3040;SS01;Számítógép
2838;Monitor - LG 29UM69G LED;SS02;Monitor;4740;monitor lg;SS02;Monitor
3336;Monitor - DELL P2419H;SS02;Monitor;4742;Monitor DELL;SS02;Monitor
2542;Számítógép-  DELL Optiplex 3050 Small;SS01;Számítógép;4744;Számítógép DELL;SS01;Számítógép
2765;Laptop - NAVON Loop 360;SS03;Laptop;4746;Laptop - Vostro 3558;SS03;Laptop
3980;Asztal - Hoxo sarkos FalproVOG;BA99;Egyéb asztal;4747;asztal;BA03;Íróasztal
2833;Monitor - ASUS ROG Strix XG27VQ;SS02;Monitor;4758;Monitor Samsung;SS02;Monitor
2738;Laptop - Lenovo T430 i5 3320M;SS03;Laptop;4760;Számítógép DELL Inspiron 5000;SS03;Laptop
2659;Számítógép;SS01;Számítógép;4762;asztali számítógép;SS01;Számítógép
3258;"Monitor- Philips IPS 23,8""";SS02;Monitor;4765;monitor philips;SS02;Monitor
2667;Számítógép - Acer Revo RN76;SS01;Számítógép;4768;Asztali számítógép - OptiPlex 3040;SS01;Számítógép
2754;Laptop - Lenovo Ideapad 330 81DE00WVHV;SS03;Laptop;4771;Laptop - Vostro 15 3568;SS03;Laptop
2745;Laptop - Lenovo IdeaPad Y530 81FV00T5HV;SS03;Laptop;4773;Laptop - Inspiron 5559;SS03;Laptop
132;Monitor HP L2245wg;SS02;Monitor;4775;monitor HP;SS02;Monitor
1903;Projektor - EPSON EB-W05;KK01;Projektor;4782;projector Epson eb-w05;KK01;Projektor
92;CANON FÉNYMÁSOLÓ iR1022iF;KI02;Fénymásoló, Multifunkciós eszköz;4791;nyomtató canon;SN01;Nyomtató
2748;"Monitor - Samsung 27"" C27HG70QQU";SS02;Monitor;4797;monitor Samsung;SS02;Monitor
3913;Laptop - Dell Latitude 5520;SS03;Laptop;4800;Laptop - Latitude 5520;SS03;Laptop
2699;Laptop - LENOVO Ideapad D330;SS03;Laptop;4802;Laptop - Vostro 3558;SS03;Laptop
3961;Konténer - FalproCON;BS06;Görgős, fiókos szekrény;4805;görgős konténer 3 fiókos;BS06;Görgős, fiókos szekrény
2687;Számítógép - TOSHIBA 3TB;SS01;Számítógép;4816;Asztali számítógép - OptiPlex 3050;SS01;Számítógép
2698;Laptop - Asus VivoBook S530UN-BQ082;SS03;Laptop;4817;Laptop - Vostro 3558;SS03;Laptop
3246;Számítógép- DELL Precision T7810;SS01;Számítógép;4818;asztali számítógép dell;SS01;Számítógép
2661;Monitor- LG 24MP88HV-S;SS02;Monitor;4819;Monitor LG;SS02;Monitor
2671;Monitor - AOC IPS;SS02;Monitor;4820;Monitor AOC;SS02;Monitor
2688;Számítógép - ASUS VivoMini PC PN40;SS01;Számítógép;4821;Asztali számítógép - OptiPlex 3050;SS01;Számítógép
2760;Számítógép - Intel Core i5;SS01;Számítógép;4824;Asztali számítógép - OptiPlex 3040;SS01;Számítógép
2987;"Monitor- AOC 32""";SS02;Monitor;4829;Monitor AOC;SS02;Monitor
2790;Számítógép - INTEL i5;SS01;Számítógép;4832;Asztali számítógép - OptiPlex 3050;SS01;Számítógép
3453;Monitor - DELL P2720D;SS02;Monitor;4845;monitor dell;SS02;Monitor
3594;Dell Latitude 3510 notebook Ci5;SS03;Laptop;4848;Laptop - Latitude 3510;SS03;Laptop
3334;Számítógép - Dell Optiplex 3070minitower;SS01;Számítógép;4849;Számítógép DELL;SS01;Számítógép
2841;Számítógép - ASUS;SS01;Számítógép;4852;Asztali számítógép - OptiPlex 3050;SS01;Számítógép
3019;Számítógép - Fujitsu Celsius R670;SS01;Számítógép;4853;asztali számítógép;SS01;Számítógép
3440;Monitor - DELL U2719DC;SS02;Monitor;4854;Dell monitor;SS02;Monitor
3023;Számítógép - AMD Ryzen 5;SS01;Számítógép;4855;Asztali számítógép - OptiPlex 3050;SS01;Számítógép
3441;Monitor - DELL U2719DC;SS02;Monitor;4857;monitor dell;SS02;Monitor
2664;Laptop - Asus TUF Gaming FX504GE;SS03;Laptop;4862;Laptop - Vostro 15 3568;SS03;Laptop
2650;Laptop- ASUS UX331UA;SS03;Laptop;4864;Laptop - Vostro 3558;SS03;Laptop
2457;Laptop- ACER TravelMate B117-M-P16Q;SS03;Laptop;4866;laptop Acer travel mate b11u;SS03;Laptop
3060;Laptop- HP 255 G7;SS03;Laptop;4868;Laptop;SS03;Laptop
3077;Laptop - ASUS UX331FN-EG023T;SS03;Laptop;4869;Notebook;SS03;Laptop
3721;Laptop - Acer Aspire 5830;SS03;Laptop;4871;Laptop Asus Inspiron;SS03;Laptop
2632;LAptop- ASUS Zenbook Flip UX360CA;SS03;Laptop;4879;Laptop - Vostro 15 3568;SS03;Laptop
3035;Számítógép- Fujitsu Celsius R920;SS01;Számítógép;4881;Asztali számítógép - OptiPlex 3040;SS01;Számítógép
3081;Számítógép - AMD Ryzen 3;SS01;Számítógép;4882;Asztali számítógép - OptiPlex 3040;SS01;Számítógép
3461;Számítógép - Sistem Tower I5 Supernova;SS01;Számítógép;4893;Asztali számítógép - OptiPlex 3040;SS01;Számítógép
1901;Számítógép - DELL PC Optiplex;SS01;Számítógép;4896;Asztali számítógép - OptiPlex 3040;SS01;Számítógép
3814;Szék - TEODORES;BU01;Szék;4901;forgószék;BU02;Forgószék
3976;Asztal - Hoxo sarkos FalproVOG;BA99;Egyéb asztal;4906;íróasztal jobbos;BA03;Íróasztal
3962;Konténer - FalproCON;BS06;Görgős, fiókos szekrény;4908;konténer fiókos;BS06;Görgős, fiókos szekrény
3940;Szék - SE-CLOUL20 karfás tárgyaló;BU01;Szék;4911;szék kárpitos karfás;BU01;Szék
3941;Szék - SE-CLOUL20 karfás tárgyaló;BU01;Szék;4914;szék karfás kárpitos;BU01;Szék
3977;Asztal - Hoxo sarkos FalproVOG;BA99;Egyéb asztal;4918;íróasztal balos;BA03;Íróasztal
1447;LAPTOP DELL Optiplex 7020MT;SS03;Laptop;4919;Asztali számítógép - OptiPlex 7020;SS01;Számítógép
2654;"Monitor- AOC IPS 23,8"" I2490VXQ/BT";SS02;Monitor;4922;monitor aoc;SS02;Monitor
2548;Laptop- ASUS X540LA;SS03;Laptop;4945;Laptop - Vostro 15 3568;SS03;Laptop
2805;Monitor - ASUS X543UA-DM1706 szürke;SS03;Laptop;4965;Laptop - Inspiron 5558;SS03;Laptop
1922;Számítógép - DELL PC Optiplex;SS01;Számítógép;4966;Asztali számítógép - OptiPlex 3050;SS01;Számítógép
3435;Számítógép - PST i5-10600KF;SS01;Számítógép;4969;Asztali számítógép;SS01;Számítógép
3280;Számítógép - Raspberry Pi 4;SS01;Számítógép;4970;Asztali számítógép;SS01;Számítógép
3263;Számítógép - ASUS ROG Strix B550-F;SS01;Számítógép;4972;Asztali számítógép;SS01;Számítógép
3554;Számítógép Dell Optiplex 3080 MT W10 Pro;SS01;Számítógép;4976;Asztali számítógép - OptiPlex 3080;SS01;Számítógép
2994;Számítógép- DELL PC Optiplex 3070 MT;SS01;Számítógép;4979;asztali számítógép dell;SS01;Számítógép
2741;Monitor - LG 27UK850-W;SS02;Monitor;4980;Monitor LG;SS02;Monitor
2708;Monitor - Asus VG279Q;SS02;Monitor;4985;Monitor ASUS;SS02;Monitor
2773;Monitor - LG 27MP59G-P;SS02;Monitor;4987;Monitor LG;SS02;Monitor
2789;Monitor - LG IPS gamer;SS02;Monitor;4991;Monitor LG;SS02;Monitor
2427;Laptop- ACER TravelMate B117-M-P16Q;SS03;Laptop;5000;laptop hp;SS01;Számítógép
1885;"Laptop- DELL Inspiron 5567 15,6"" HD";SS03;Laptop;5002;laptop Dell inspiron;SS03;Laptop
3604;Apple MAC Mini számítógép;SS01;Számítógép;5005;asztali számítógép aplle Mac mini;SS01;Számítógép
2513;Laptop- LEN 80WK0099HV 15.6;SS03;Laptop;5007;Laptop - Vostro 3558;SS03;Laptop
2508;Ideapad- Lenovo Legion Y520;SS03;Laptop;5008;Laptop - Vostro 3558;SS03;Laptop
2506;Laptop- ACER Aspire 5 A515-51G-58G3;SS03;Laptop;5009;Laptop - Vostro 3558;SS03;Laptop
2455;Laptop- ACER TravelMate B117-M-P16Q;SS03;Laptop;5012;Laptop - Inspiron 15R N5110;SS03;Laptop
2555;Laptop- HP ProBook 440 GS;SS03;Laptop;5015;Laptop HP Compaq 6115b;SS03;Laptop
2556;Laptop- HP 250 G6 Notebook;SS03;Laptop;5016;Laptop - HP ;SS03;Laptop
2452;Laptop- ACER TravelMate B117-M-P16Q;SS03;Laptop;5021;Laptop - Inspiron 5558;SS03;Laptop
2451;Laptop- ACER TravelMate B117-M-P16Q;SS03;Laptop;5022;Laptop - Vostro 15 3568;SS03;Laptop
3229;Számítógép - Dell Optiplex 3070;SS01;Számítógép;5026;Számítógép DELL;SS01;Számítógép
2995;Számítógép- DELL PC Optiplex 3070 MT;SS01;Számítógép;5028;Számítógép DELL;SS01;Számítógép
2450;Laptop- ACER TravelMate B117-M-P16Q;SS03;Laptop;5038;Laptop - Vostro 3558;SS03;Laptop
3925;Szék - CINQUE ALTO I forgó;BU01;Szék;5042;szék karfás kárpitos;BU01;Szék
3981;Asztal - körasztal FalproVOG;BA99;Egyéb asztal;5047;asztali kör;BA07;Tárgyaló asztal
1643;SWITCH LINKSYS 8 PORTOS EZXS88W;SH05;Switch;5048;D-LINK Switch 8 portos;SH99;Egyéb hálózati eszköz
2751;Tároló - DELL PowerVault SCv3020;SE19;Külső tároló eszköz egyéb;5056;DELL EMC STORAGE SCV3020;SH99;Egyéb hálózati eszköz
2749;Szerver - DELL R440;SS05;Szerver;5057;DELL STORAGE;SH99;Egyéb hálózati eszköz
3982;Asztal - FalproVOG;BA99;Egyéb asztal;5059;tárgyalóasztal íves véggel;BA07;Tárgyaló asztal
3809;Vetítőrendszer - DLP;KK02;Vetítővászon;5061;projektor BenQ;KK01;Projektor
3550;Dell PV114X mentőegység - szalagos;SE99;Egyéb informatikai eszköz;5064;DELL POWERVAULT 114X;SH99;Egyéb hálózati eszköz
3770;Televízió - LG 55UN74003LB LED;KV04;Televízió;5065;tv LG;KV02;LCD televízió TV
1746;Szerver - Dell PowerEdge R530;SS05;Szerver;5067;DELL STORAGE POWEREDGE;SH99;Egyéb hálózati eszköz
1745;Szerver - Dell PowerEdge R220;SS05;Szerver;5070;DELL STORAGE POWEREDGE;SH99;Egyéb hálózati eszköz
3936;Szék - CINQUE ALTO I forgó;BU01;Szék;5071;forgószék;BU02;Forgószék
3966;Asztal - Hoxo sarkos FalproVOG;BA99;Egyéb asztal;5073;íróasztal;BA03;Íróasztal
1899;Szerver-Dell Power Edge R530+mentőegység;SS05;Szerver;5076;Szerver - PowerEdge R530;SH99;Egyéb hálózati eszköz
3942;Szék - SE-CLOUL20 karfás tárgyaló;BU01;Szék;5109;forgószék;BU02;Forgószék
3812;Asztal - VANGSTA;BA99;Egyéb asztal;5125;Asztal;BA03;Íróasztal
3965;Konténer - FalproCON;BS06;Görgős, fiókos szekrény;5128;Konténer;BS06;Görgős, fiókos szekrény
707;Switch Cisco SG200-50 SLM2048T;SH05;Switch;5138;Cisco Switch;SH99;Egyéb hálózati eszköz
3059;Monitor-  Samsung LC27;SS02;Monitor;5146;Monitor Philips;SS02;Monitor
1813;Fénymásoló - KYOCERA Ecosys M2030DN;KI02;Fénymásoló, Multifunkciós eszköz;5148;nyomtató kryocera m2030dn;SN01;Nyomtató
3810;Kávéfőző - DeLonghi ESAM2600;EH01;Kávéfőző;5168;Kávéfőző De'Longhi;EH01;Kávéfőző
3811;Mikrohullámú sütő - Sharp YC-MS01ES;EH03;Mikrohullámú sütő;5169;Mikrohullámú sütő SHARP;EH03;Mikrohullámú sütő
3024;Monitor - Samsung ívelt LED monitor;SS02;Monitor;5180;Monitor DELL;SS02;Monitor
2990;Monitor- Samsung SL-M2070W;SS02;Monitor;5182;Monitor DELL;SS02;Monitor
3182;SZÁMÍTÓGÉP-  PST R9-3900X/32GB/1TB;SS01;Számítógép;5187;asztali számítógép;SS01;Számítógép
2984;Monitor- LG 24MP59G-P Gaming LED;SS02;Monitor;5203;Monitor DELL;SS02;Monitor
3083;Számítógép - AMD Ryzen 7 3700X;SS01;Számítógép;5204;asztali számítógép;SS01;Számítógép
1519;"Monitor - ASUS VS247HR 24""";SS02;Monitor;5205;Monitor - Dell P2419H;SS02;Monitor
2679;Monitor - Samsung C24FG70FQU;SS02;Monitor;5206;Monitor - Dell P2419H;SS02;Monitor
2702;Monitor - Samsung LC32HG70QQUXEN;SS02;Monitor;5208;Monitor - Dell P2419H;SS02;Monitor
2442;Laptop- ACER TravelMate B117-M-P16Q;SS03;Laptop;5211;Laptop - Inspiron 5559;SS03;Laptop
1772;Notebook - Dell Inspiron 5559;SS03;Laptop;5213;Laptop - Vostro 3590;SS03;Laptop
1824;Notebook - Dell Inspiron 5559;SS03;Laptop;5216;Laptop - Vostro 15 3568;SS03;Laptop
3212;Projektor - Epson EB-W05;KK01;Projektor;5219;projektor Epson eb-w05;KK01;Projektor
2969;"Monitor- DELL LCD 24""";SS02;Monitor;5224;monitor DELL;SS02;Monitor
3337;Monitor - DELL P2419H;SS02;Monitor;5228;Dell Monitor;SS02;Monitor
1825;Notebook - Dell Inspiron 5559;SS03;Laptop;5233;Laptop - Vostro 3558;SS03;Laptop
3411;Laptop - Dell Latitude;SS03;Laptop;5239;laptop DELL Latitude 3510;SS03;Laptop
1827;Notebook - Dell Inspiron 5559;SS03;Laptop;5248;Laptop - Vostro 15 5568;SS03;Laptop
3289;Mobiltelefon - Huawei P40 Lite DS;KT04;Mobiltelefon;5249;mobiltelefon Huawei p40 light;KT04;Mobiltelefon
3553;MikroTik Router Switch;SH01;Router;5252;Switch MikroTik could swich;SH99;Egyéb hálózati eszköz
708;SWITCH HP V1910-16G;SH05;Switch;5254;Switch hp;SH99;Egyéb hálózati eszköz
2469;Laptop- DELL Inspiron 15 3000 Black;SS03;Laptop;5283;Laptop - Vostro 3558;SS03;Laptop
2504;"Laptop- DELL Inspiron 7577 15.6"" FHD";SS03;Laptop;5284;Laptop - Vostro 3558;SS03;Laptop
1387;LAPTOP DELL INSPIRON N5110;SS03;Laptop;5285;Laptop - Vostro 3558;SS03;Laptop
1394;Laptop Dell Inspiron N5010;SS03;Laptop;5286;Laptop - Vostro 3558;SS03;Laptop
1384;Laptop-Dell NB Inspiron;SS03;Laptop;5288;Laptop - Vostro 3558;SS03;Laptop
1395;Laptop-Lenovo IdeOad G50-80;SS03;Laptop;5289;Laptop - Vostro 3558;SS03;Laptop
1741;Laptop - Dell Inspiron 5559;SS03;Laptop;5290;Laptop - Vostro 3558;SS03;Laptop
3063;"Notebook- HP 255 G7 15.6""";SS03;Laptop;5291;Laptop - Vostro 3558;SS03;Laptop
2952;Notebook- ASUS X540UB-GQ758;SS03;Laptop;5292;Laptop - Vostro 3558;SS03;Laptop
3068;Laptop - MSI GF63 Thin 9SC;SS03;Laptop;5293;Laptop - Vostro 3558;SS03;Laptop
3201;Laptop - Lenovo Legion Y540;SS03;Laptop;5294;Laptop - Vostro 3558;SS03;Laptop
3475;Laptop - HP15s-fq1036nh;SS03;Laptop;5295;Laptop - Vostro 3558;SS03;Laptop
2686;Laptop - ASUS X540LA XX1032T;SS03;Laptop;5296;Laptop - Vostro 3558;SS03;Laptop
2672;Laptop - ASUS E406-62T;SS03;Laptop;5297;Laptop - Vostro 3558;SS03;Laptop
3099;Laptop - Acer Predator Helios 300;SS03;Laptop;5298;Laptop - Vostro 3558;SS03;Laptop
2294;"Laptop - Acer 11.6"" HD Intel Celeron";SS03;Laptop;5299;Laptop - Vostro 3558;SS03;Laptop
3447;Laptop - Asus VivoBook S15;SS03;Laptop;5303;Laptop - Vostro 3558;SS03;Laptop
3309;Laptop - LENOVO 81Y40088HV;SS03;Laptop;5304;Laptop - Vostro 3558;SS03;Laptop
3249;Laptop- ASUS ROG Zephyrus G14;SS03;Laptop;5305;Laptop - Vostro 3558;SS03;Laptop
3243;Laptop- LENOVO 15.6FHD Ryzen5-3500U 8GB;SS03;Laptop;5306;Laptop - Vostro 3558;SS03;Laptop
3233;Laptop - HP 14s-DQ1004NH;SS03;Laptop;5307;Laptop - Vostro 3559;SS03;Laptop
3232;Laptop - Asus VivoBook S14 S412FA;SS03;Laptop;5308;Laptop - Vostro 3558;SS03;Laptop
3221;Laptop - ASUS ZenBook;SS03;Laptop;5309;Laptop - Vostro 3558;SS03;Laptop
3220;Laptop - ASUS FX506IU-AL404C;SS03;Laptop;5310;Laptop - Vostro 3558;SS03;Laptop
3419;Laptop - ASUS TUF;SS03;Laptop;5311;Laptop - Vostro 3558;SS03;Laptop
3365;Laptop - Lenovo IdeaPad;SS03;Laptop;5312;Laptop - Vostro 3558;SS03;Laptop
2446;Laptop- ACER TravelMate B117-M-P16Q;SS03;Laptop;5315;laptop Acer netbook;SS03;Laptop
3330;Laptop - Lenovo V15-ADA;SS03;Laptop;5317;Laptop - Vostro 15 3568;SS03;Laptop
1429;Laptop Dell Inspiron;SS03;Laptop;5319;Laptop - Inspiron 5560;SS03;Laptop
1430;Laptop DELL Inspiron 15;SS03;Laptop;5320;Laptop - Inspiron 5559;SS03;Laptop
3323;Laptop - ASUS FX506II-AL133T;SS03;Laptop;5323;Laptop - Vostro 3558;SS03;Laptop
3314;Laptop - ASUR ROG Strix G15;SS03;Laptop;5324;Laptop - Vostro 15 3568;SS03;Laptop
1433;Laptop DELL Inspiron 15;SS03;Laptop;5328;Laptop - Inspiron 5560;SS03;Laptop
3311;Laptop - ASUS VivoBook X512JA;SS03;Laptop;5329;Laptop - Vostro 15 3568;SS03;Laptop
48;Switch Aten Masterwie KVM Cs88A;SE99;Egyéb informatikai eszköz;5332;Switch hp;SH99;Egyéb hálózati eszköz
1646;SWITCH LINKSYS 4 portos wireles wrtg54gl;SH05;Switch;5333;Switch;SH99;Egyéb hálózati eszköz
3492;Notebook - HP 14-dik1002nh;SS03;Laptop;5335;Laptop - Vostro 15 3568;SS03;Laptop
3494;Notebook - Asus Vivobook X509JA;SS03;Laptop;5336;Laptop - Vostro 3590;SS03;Laptop
3708;Laptop - HP 250 G8;SS03;Laptop;5337;Laptop - Vostro 15 3568;SS03;Laptop
3821;Laptop - HP15;SS03;Laptop;5338;Laptop - Vostro 15 3568;SS03;Laptop
3781;Laptop - Lenovo;SS03;Laptop;5339;Laptop - Vostro 15 3568;SS03;Laptop
3780;Laptop - ASUS ZenBook Flip 13;SS03;Laptop;5340;Laptop - Vostro 15 3568;SS03;Laptop
2557;Laptop- DELL NB Vostro 3568;SS03;Laptop;5367;Laptop - Vostro 3558;SS03;Laptop
2511;Laptop- DELL Inspiron G5;SS03;Laptop;5370;Laptop - Inspiron 5559;SS03;Laptop
3745;Laptop - LENOVO IdeaPad 5-15ALC05;SS03;Laptop;5371;Laptop - Vostro 15 3568;SS03;Laptop
3739;Laptop - Lenovo IdeaPad 3;SS03;Laptop;5374;Laptop - Vostro 15 3568;SS03;Laptop
4119;Monitor - LG IPS;SS02;Monitor;5459;LG Monitor;SS02;Monitor
4098;Laptop - DELL Latitude 3520;SS03;Laptop;5460;Laptop Dell;SS03;Laptop
3822;Laptop - ASUS ROG Strix SCAR;SS03;Laptop;5461;Laptop - Vostro 3590;SS03;Laptop
3790;Laptop - AMD Ryzen 3;SS03;Laptop;5462;Laptop - Vostro 3590;SS03;Laptop
3787;Laptop - ASUS TUF;SS03;Laptop;5463;Laptop - Vostro 15 3568;SS03;Laptop
3044;"Monitor- LG IPS 23,8""";SS02;Monitor;5464;LG Monitor;SS02;Monitor
