tobblet_id;tobblet_eszkoznev;tobblet_muszakicsop;toblet_muszakicsopnev
244213;Térdeplő szék;BU0605;Egyéb szék
254233;éjjeli szekrény;BS9903;Éjjeli szekrény
254328;éjjeliszekrény;BS9903;Éjjeli szekrény
254121;éjjeli szekrény bükk;BS9903;Éjjeli szekrény
254230;étkező asztal 4 személyes bükk;BA0201;Étkező asztal 4. személyes
254240;étkezőasztal 4 személyes bükk;BA0201;Étkező asztal 4. személyes
254324;4 személyes étkezőasztal bükk;BA0201;Étkező asztal 4. személyes
254080;étkező asztal 4 személyes;BA0201;Étkező asztal 4. személyes
254090;étkezőasztal 4 személyes;BA0201;Étkező asztal 4. személyes
253734;asztal;BA0201;Étkező asztal 4. személyes
253742;4 szem. asztal;BA0201;Étkező asztal 4. személyes
253752;4 szem asztal;BA0201;Étkező asztal 4. személyes
253833;4 személyes asztal;BA0201;Étkező asztal 4. személyes
253722;étkezőasztal;BA0201;Étkező asztal 4. személyes
253606;étkező asztal;BA0201;Étkező asztal 4. személyes
253812;4 szem. étkezőasztal;BA0201;Étkező asztal 4. személyes
253883;étkezőasztal 4 szem.;BA0201;Étkező asztal 4. személyes
253772;4 szem étkezőasztal;BA0201;Étkező asztal 4. személyes
253782;4 szem. étkező asztal;BA0201;Étkező asztal 4. személyes
253953;étkezőasztal 4 szem;BA0201;Étkező asztal 4. személyes
253823;étkezőasztal 4;BA0201;Étkező asztal 4. személyes
253863;étkezőasztal 4 szem,;BA0201;Étkező asztal 4. személyes
253893;4 személyes étkezőasztal;BA0201;Étkező asztal 4. személyes
244360;Favázas támlásszékszövet kárpittal;BU0601;Favázas támlásszék
253682;fémvázas szék;BU0601;Favázas támlásszék
254144;fémvázas támlásszék;BU0603;Fémvázas támlásszék
253601;fémvázas szék;BU0603;Fémvázas támlásszék
253935;fémvázas szekrény;BU0603;Fémvázas támlásszék
253944;fémvázas támlás szék;BU0603;Fémvázas támlásszék
254084;fémvázasszék;BU0603;Fémvázas támlásszék
254147;egyszemélyes heverő;BE0109;Heverő
253988;heverő;BE0109;Heverő
246633;Irodai forgószék;BU0501;Irodai forgószék
244477;Forgatható karosszék;BU0501;Irodai forgószék
246215;ADJ-H32 L3/K2 rejtett löv.álló mellény;EF0402;Külső viselésű lövedékálló mellény
46356;Álló ruhafogas;BE0201;Álló ruhafogas klf.
46349;Elválasztó paraván;BE0901;Elhelyezés kiegészítő eszközök
46369;FOTEL;BU0101;Fotel klf.
46353;GÖRGŐS IRATSZEKRÉNY;BS0603;Görgős irattároló
46352;GÖRGŐS IRATSZEKRÉNY;BS0603;Görgős irattároló
45353;Görgős irattároló;BS0603;Görgős irattároló
45756;Görgős iratszekrény;BS0604;Görgős irattároló asztal melletti
46311;IP telefon;KT0300;IP telefon
46255;IP Telefon (ORFK);KT0300;IP telefon
45329;Telefon IP 7811 (sima);KT0300;IP telefon
46238;IP Telefon (sima);KT0300;IP telefon
45362;IP telefon;KT0300;IP telefon
45579;CISCO telefon;KT0300;IP telefon
45369;IP telefon, asztali;KT0300;IP telefon
45730;IP telefon SPA502G;KT0300;IP telefon
45735;CISCO asztali telefon IP;KT0300;IP telefon
45755;ASZTALI IP TELEFON CISCO;KT0300;IP telefon
45716;CISCO asztali telefon;KT0300;IP telefon
45721;ASCO asztali telefon;KT0300;IP telefon
45723;IP telefon CP-7811;KT0300;IP telefon
45582;CISCO;KT0300;IP telefon
45615;CISCO 7811 Telefon IP;KT0300;IP telefon
45722;ASCO asztali  telefon;KT0300;IP telefon
45719;Telefon IP 7811;KT0300;IP telefon
45717;CISCO asztali  telefon;KT0300;IP telefon
45734;CISCO sztali telefon IP;KT0300;IP telefon
45753;ASZTALI IP  TELEFON CISCO;KT0300;IP telefon
46083;Cisco IP Telefon 7811;KT0300;IP telefon
46316;Telefon IP Cisco CP-7811 (sima);KT0300;IP telefon
45743;CISCO asztali  telefon IP;KT0300;IP telefon
45340;IP TELEFON 7811 (SIMA);KT0300;IP telefon
46361;ÍRÓASZTAL;BA0307;Íróasztal klf. egyéb
45354;irodai forgószék;BU0501;Irodai forgószék
45751;FORGATHATÓ KAROSSZÉK;BU0501;Irodai forgószék
46355;ÍRÓASZTAL;BA0901;Írógépasztal különféle
926;EMELETES ÁGY;BE0104;Emeletes ágy
925;EMELETES ÁGY;BE0104;Emeletes ágy
905;VÍZFORRALÓ SENCOR;SN0699;Multifunkciós nyomtató egyéb
957;AN-UP 2016 L4/K2 külső löv.álló mell. L;EF0402;Külső viselésű lövedékálló mellény
958;AN-UP 2016 L4/K2 külső löv.álló mell. XL;EF0402;Külső viselésű lövedékálló mellény
978;AN-UP 2016 L4/K2 külső löv.álló mell.M;EF0402;Külső viselésű lövedékálló mellény
981;AN-UP 2016 L4/K2 külső löv.álló mell.XL;EF0402;Külső viselésű lövedékálló mellény
982;AN-UP 2016 L4/K2 külső löv.álló mell.L;EF0402;Külső viselésű lövedékálló mellény
971;DEF-H42-K L4/K2 Külső Löv.mell 3XL;EF0402;Külső viselésű lövedékálló mellény
962;AN-UP 2016 L4/K2 külső löv.álló mell. M;EF0402;Külső viselésű lövedékálló mellény
966;AN-UP 2016 L4/K2 külső löv.álló mell.3XL;EF0402;Külső viselésű lövedékálló mellény
968;AN-UP 2016 L4/K2 külső löv.álló mell. S;EF0402;Külső viselésű lövedékálló mellény
977;AN-UP 2016 L4/K2 külső löv.álló mell.XXL;EF0402;Külső viselésű lövedékálló mellény
1105;FAVÁZAS TÁMLÁSSZÉK CSERESZNYE;BU0601;Favázas támlásszék
1099;Délonghi kávéfőző;EH0103;Kávéfőző
1106;Favázas támlásszék szövetkárpitta;BU0601;Favázas támlásszék
1097;Favázas támlásszék;BU0601;Favázas támlásszék
1109;Favázas támlásszék szövetkárpittal;BU0601;Favázas támlásszék
1104;Samsung LCD televiyi=;KV0200;LCD televízió TV
1094;Nagyméretű íróasztal;BA0305;Nagyméretű íróasztal
1098;2 ajtós szekrény;BS0202;2. ajtós szekrény
1100;SHARP mikró;EH0303;Mikrohullámú sütő klf. egyéb
1084;öltözőpad;BU0902;Öltöző pad
1086;öltözőpad;BU0902;Öltöző pad
1088;öltözőpad;BU0902;Öltöző pad
1089;öltözőpad 1 oldalas;BU0902;Öltöző pad
1108;Favázas támlásszék szövetkárpitta;BU0601;Favázas támlásszék
1112;FEGYVERTÁMLA (DB);EF0103;Fegyver állványok
82718;Irodai forgószék;BU0501;Irodai forgószék
82756;Emeletes ágy;BE0104;Emeletes ágy
83814;Emeleteságy;BE0104;Emeletes ágy
82679;FORGATHATÓ KAROSSZÉK KLF. (DB);BU0501;Irodai forgószék
82785;FORGATHATÓ KAROSSZÉK KLF. (DB);BU0501;Irodai forgószék
83626;Lerakó asztal cseresznye;BA9913;Egyéb asztal klf.
83720;Konyhaasztal csersznye;BA0802;Konyhaasztal klf.
83757;Virágtartó;BE0316;Virágtartó
83553;ÍRÓASZTAL KISMÉRETŰ (DB);BA0302;Kisméretű íróasztal
83579;Íróasztal mahagóni;BA0307;Íróasztal klf. egyéb
82943;Görgős irattároló bézs;BS0603;Görgős irattároló
82821;görgős számítógép asztal bükk;BA0600;Számítógépasztal
82661;FAVÁZAS KAROSSZÉK SZÖVET KÁRPITTAL (DB);BU0602;Favázas karosszék
83558;FORGATHATÓ KAROSSZÉK SZÖVET KÁRPIT (DB);BU0501;Irodai forgószék
82674;FORGATHATÓ KAROSSZÉK KLF. (DB);BU0501;Irodai forgószék
83624;Két ajtós öltöző szekrény bükk;BS9920;Szekrény egyéb klf.
83719;2. ajtós alsó szekrény egyéb;BS0302;2. ajtós alacsony szekrény
82650;Favázas támlásszék cseresznye;BU0601;Favázas támlásszék
82737;2 ajtós akasztós szekrény bükk;BS0203;2 ajtós akasztós szekrény
82793;2. ajtós alsó szekrény bükk;BS0202;2. ajtós szekrény
83724;1 AJTÓS AKASZTÓS SZEKRÉNY MAHAGÓNI (DB);BS0103;1 ajtós akasztós szekrény
82709;FRANCIAÁGY;BE0108;Francia ágy
82722;Forgószék irodai (R81-081457);BU0501;Irodai forgószék
83620;Fémlábas íróasztal szürke;BA0307;Íróasztal klf. egyéb
82944;Aluminium létra;ES0502;Létra aluminium, fém
83760;Virágtartó;BE0316;Virágtartó
83580;Íróasztal mahagóni;BA0307;Íróasztal klf. egyéb
82819;konyha asztal tömör fa;BA0802;Konyhaasztal klf.
83549;ALACSONY NYITOTT IRATSZEKRÉNY BEIGE (DB);BS9915;Nyitott polcos szekrény alacsony
82869;ÁLLÓ RUHAFOGAS (DB) (R81-080244);BE0201;Álló ruhafogas klf.
82823;FAVÁZAS KAROSSZÉK SZÖVET KÁRPITTAL (DB);BU0602;Favázas karosszék
83582;Görgös irattároló mahagóni;BS0603;Görgős irattároló
83791;Lerakó asztal;BA0403;Lerakó asztal
82711;FRANCIAÁGY;BE0108;Francia ágy
82651;Favázas támlásszék cseresznye;BU0601;Favázas támlásszék
82647;Favázas támlásszék;BU0601;Favázas támlásszék
83552;VIRÁGÁLLVÁNY (DB);BE0316;Virágtartó
83550;Tárgyalóasztal félköríves;BA0702;Íves tárgyalóasztal
83758;Íróasztal dió;BA0307;Íróasztal klf. egyéb
83547;ÍRÓASZTAL 118 CM-ES MAHAGÓNI (DB)(R14-05;BA0302;Kisméretű íróasztal
82664;Favázas támlásszék cseresznye;BU0601;Favázas támlásszék
82662;FAVÁZAS KAROSSZÉK SZÖVET KÁRPITTAL (DB);BU0602;Favázas karosszék
1369;Fotelágy szürke;BE0107;Fotelágy
1461;Heverő;BE0109;Heverő
873;Irodai forgószék bordó kárpittal;BU0501;Irodai forgószék
1459;Agria kanapé;BU0202;Kanapé
1000;4 AJTÓS vaslemez szekrény (R81-005053);BS0904; 4. ajtós vaslemez iratszekrény
1585;Fémvázas támlásszék;BU0603;Fémvázas támlásszék
1587;Fémvázas támlásszék;BU0603;Fémvázas támlásszék
1277;Íróasztal bükk;BA0307;Íróasztal klf. egyéb
971;Camping ágy;BE0103;Camping ágy
871;Fémvázas támlászék szürke kárpittal;BU0603;Fémvázas támlásszék
1372;Fémvázas támlásszék;BU0603;Fémvázas támlásszék
1627;Irodai forgószék;BU0501;Irodai forgószék
1605;Irodai forgószék;BU0501;Irodai forgószék
1755;EMELETESÁGY (DB);BE0104;Emeletes ágy
1743;EMELETESÁGY (DB);BE0104;Emeletes ágy
932;Irodai forgószék bordó szövettel;BU0501;Irodai forgószék
1742;EMELETESÁGY (DB);BE0104;Emeletes ágy
1855;2 ajtós öltözőszekrény bükk;BS0801;Öltöző szekrény fa
1209;Vezetői forgószék bőr;BU0701;Vezetői forgószék
1327;2 ajtós felsőszekrény mahagóni;BS0502;2. ajtós felső szekrény
1615;Irodai forgószék;BU0501;Irodai forgószék
881;Irodai forgószék fekete szövettel;BU0501;Irodai forgószék
1617;Irodai forgószék;BU0501;Irodai forgószék
1104;Forgatható karosszék;BU0501;Irodai forgószék
1628;Katonai vaságy;BE0102;Árkay vaságy
1015;Polcos szekrény mahagóni (Tanúvédelmis);BS9920;Szekrény egyéb klf.
987;Fémvázas támlásszék zöld kárpittal;BU0603;Fémvázas támlásszék
1136;2 ajtós öltöző szekrény;BS0801;Öltöző szekrény fa
1764;EMELETESÁGY (DB);BE0104;Emeletes ágy
1339;Írósztal;BA0307;Íróasztal klf. egyéb
925;Fémvázas támlásszék fekete szövettel;BU0603;Fémvázas támlásszék
1515;3 személyes tantermi asztal;BA9914;Tantermi asztal 2-6 személyes
1449;Fotel;BU0101;Fotel klf.
1323;1 ajtós akasztós szekrény mahagóni;BS0103;1 ajtós akasztós szekrény
1320;1 ajtós akasztós szekrény mahagóni;BS0103;1 ajtós akasztós szekrény
1256;Emeletes katonai ágy;BE0104;Emeletes ágy
1222;2 személyes tantermi asztal;BA9914;Tantermi asztal 2-6 személyes
1600;Irodai forgószék;BU0501;Irodai forgószék
978;Asztali lámpa;KI0101;Asztali-,állólámpa, csillár
1001;2 ajtós vaslemez szekrény  (R81-025918);BS0903; 2. ajtós vaslemez iratszekrény
1616;Irodai forgószék;BU0501;Irodai forgószék
872;Irodai forgószék bordó kárpittal;BU0501;Irodai forgószék
942;forgatható karosszék szövet fekete;BU0501;Irodai forgószék
869;Irodai forgószék szürke kárpittal;BU0501;Irodai forgószék
1614;Irodai forgószék;BU0501;Irodai forgószék
1744;EMELETESÁGY (DB);BE0104;Emeletes ágy
919;Íves elem cseresznye;BA0401;Íves elem klf.
1594;Fotel egyéb bordó;BU0101;Fotel klf.
916;Irodai forgószél zöld szövettel;BU0501;Irodai forgószék
884;Fémvázas műanyag támlásszék kék;BU0603;Fémvázas támlásszék
989;TANTERMI ASZTAL 2 SZEMÉLYES (R81-108304);BA9902;2 szem. tantermi asztal
1521;2 szem. tantermi asztal;BA9902;2 szem. tantermi asztal
1215;tantermi íróasztal;BA9914;Tantermi asztal 2-6 személyes
995;ÁLLÓ RUHAFOGAS (R81-012945);BE0201;Álló ruhafogas klf.
974;Camping ágy;BE0103;Camping ágy
979;Asztali lámpa;KI0101;Asztali-,állólámpa, csillár
875;Fémvázas támlásszék szürke szövettel;BU0603;Fémvázas támlásszék
931;Fémvázas támlásszék kék;BU0603;Fémvázas támlásszék
938;Irodai forgószék zöld szövettel;BU0501;Irodai forgószék
939;Irodai forgószék kék szövettel;BU0501;Irodai forgószék
28561;Vezetői bőr görgős szék;BU0701;Vezetői forgószék
28567;Irattároló fémszekrény 4 polcos;BS9906;Fém szekrény klf.
28568;1 AJTÓS AKASZTÓS SZEKRÉNY, bükk;BS0103;1 ajtós akasztós szekrény
28571;1 AJTÓS FELSŐSZEKRÉNY BÜKK (DB);BS0501;1. ajtós felső szekrény
28563;90 fokos ív bükk;BA0401;Íves elem klf.
28564;ÍRÓASZTAL 134 CM-ES BÜKK;BA0302;Kisméretű íróasztal
28562;SZÁMÍTÓGÉPASZTAL BÜKK (DB);BA0601;Számítógépasztal
28565;GÖRGŐS IRATSZEKRÉNY BÜKK (DB);BS0603;Görgős irattároló
28507;Bordó szövet kárpitos görgős szék;BU0501;Irodai forgószék
28535;1 AJTÓS IRATSZEKRÉNY BÜKK (DB);BS0102;1. ajtós szekrény
27507;GÖRGŐS IRATSZEKRÉNY BÜKK (DB);BS0603;Görgős irattároló
27518;90 fokos ív bükk;BA0401;Íves elem klf.
27610;1 AJTÓS AKASZTÓS SZEKRÉNY, bükk;BS0103;1 ajtós akasztós szekrény
27607;1 AJTÓS FELSŐSZEKRÉNY BÜKK (DB);BS0501;1. ajtós felső szekrény
27599;Bordó szövet kárpitos görgős szék;BU0501;Irodai forgószék
27608;1 AJTÓS IRATSZEKRÉNY BÜKK (DB);BS0102;1. ajtós szekrény
27600;FÉMVÁZAS TÁMLÁSSZÉK KRÓM;BU0603;Fémvázas támlásszék
27604;SZÁMÍTÓGÉPASZTAL BÜKK (DB);BA0601;Számítógépasztal
27602;ÍRÓASZTAL 134 CM-ES BÜKK;BA0302;Kisméretű íróasztal
26196;1 ajtós felsőszekrény bükk;BS0501;1. ajtós felső szekrény
26202;1 ajtós iratszekrény bükk;BS0102;1. ajtós szekrény
26194;íróasztal 134 cm bükk;BA0302;Kisméretű íróasztal
26223;tárgyalóasztal;BA0701;Tárgyalóasztal klf.
26226;1 ajtós iratszekrény;BS0102;1. ajtós szekrény
26215;görgős irattszekrény bükk;BS0603;Görgős irattároló
26214;bordó szövet kárpitos szék;BU0501;Irodai forgószék
26219;bükk támlás szék bordó kárpittal;BU0601;Favázas támlásszék
26224;nagyméretű íróasztal;BA0305;Nagyméretű íróasztal
26229;2 ajtós iratszekrény;BS0202;2. ajtós szekrény
26218;bükk támlás szék bordó kárpittal;BU0601;Favázas támlásszék
26228;2 ajtós felső szekrény;BS0502;2. ajtós felső szekrény
26227;2 ajtós felsőszekrény;BS0502;2. ajtós felső szekrény
26225;vitrines szekrény;BS9925;Üveges szekrény
26105;90 fokos ív;BA0401;Íves elem klf.
26108;bordó szövet kárpitos görgős szék;BU0501;Irodai forgószék
26106;számítógépasztal;BA0601;Számítógépasztal
26113;1 ajtós felső szekrény;BS0501;1. ajtós felső szekrény
26103;görgős iratszekrény;BS0603;Görgős irattároló
26104;íróasztal 134 cm;BA0302;Kisméretű íróasztal
25791;1 AJTÓS IRATSZEKRÉNY BÜKK (DB);BS0102;1. ajtós szekrény
25754;SZÁMÍTÓGÉPASZTAL BÜKK (DB);BA0601;Számítógépasztal
25760;ÍRÓASZTAL 134 CM-ES BÜKK;BA0302;Kisméretű íróasztal
25749;90 fokos ív bükk;BA0401;Íves elem klf.
25744;GÖRGŐS IRATSZEKRÉNY BÜKK (DB);BS0603;Görgős irattároló
26924;1. ajtós polcos szekrény;BS0102;1. ajtós szekrény
26939;1. ajtós felső szekrény;BS0501;1. ajtós felső szekrény
26935;1 ajtós akasztós szekrény;BS0103;1 ajtós akasztós szekrény
26949;Kulcstartó szekrény;BS9912;Kulcstartó szekrény
26943;Számítógépasztal;BA0601;Számítógépasztal
26948;Görgős irattároló;BS0603;Görgős irattároló
26942;Irodai forgószék;BU0501;Irodai forgószék
26945;Íróasztal;BA0307;Íróasztal klf. egyéb
26876;Favázas támlásszék;BU0601;Favázas támlásszék
26873;Vezetői forgószék;BU0701;Vezetői forgószék
26869;Íves elem;BA0401;Íves elem klf.
26879;2. ajtós üveges szekrény;BS0201;2. ajtós üveges szekrény
26818;1 ajtós polcos szekrény;BS0102;1. ajtós szekrény
26817;Számítógépasztal;BA0600;Számítógépasztal
28811;Asztali lámpa;KI0100;Asztali-,állólámpa, csillár
29937;Görgős irattároló;BS0603;Görgős irattároló
28090;Görgős irattároló Bükk;BS0603;Görgős irattároló
28100;Bükk támlás szék bordó kárpittal;BU0601;Favázas támlásszék
28057;Irodai forgószék szövet kárpittal;BU0501;Irodai forgószék
27943;90 fokos ív Bükk;BA0401;Íves elem klf.
28060;Számítógépasztal Bükk;BA0600;Számítógépasztal
28676;Bükk támlás szék bordó kárpittal;BU0601;Favázas támlásszék
28654;2 AJTÓS IRATSZEKRÉNY CSERESZNYE felső;BS0202;2. ajtós szekrény
28661;Vezetői íróasztal (DB);BA0305;Nagyméretű íróasztal
28662;TÁRGYALÓASZTAL 6 fős 180x80x75 csereszny;BA0701;Tárgyalóasztal klf.
28650;1 AJTÓS AKASZTÓS SZEKRÉNY cseresznye;BS0103;1 ajtós akasztós szekrény
28685;1 AJTÓS AKASZTÓS SZEKRÉNY, bükk;BS0103;1 ajtós akasztós szekrény
25185;SZÁMÍTÓGÉPASZTAL BÜKK (DB);BA0601;Számítógépasztal
25189;ÍRÓASZTAL 134 CM-ES BÜKK;BA0302;Kisméretű íróasztal
25199;1 AJTÓS FELSŐSZEKRÉNY BÜKK (DB);BS0501;1. ajtós felső szekrény
25182;GÖRGŐS IRATSZEKRÉNY BÜKK (DB);BS0603;Görgős irattároló
25213;1 AJTÓS IRATSZEKRÉNY BÜKK (DB);BS0102;1. ajtós szekrény
25940;1 ajtós felsőszekrény;BS0501;1. ajtós felső szekrény
25922;bordó szövet kárpitos görgős szék;BU0501;Irodai forgószék
25934;Íróasztal 134 cm bükk;BA0302;Kisméretű íróasztal
25943;1 ajtós iratszekrény;BS0102;1. ajtós szekrény
25925;görgős iratszekrény bükk;BS0603;Görgős irattároló
25916;1 ajtós felsőszekrény bükk;BS0501;1. ajtós felső szekrény
25914;számítógépasztal bükk;BA0601;Számítógépasztal
31057;1. ajtós vaslemez iratszekrény;BS0902; 1. ajtós vaslemez iratszekrény
31043;1. ajtós felső szekrény Bükk;BS0501;1. ajtós felső szekrény
31042;1. ajtós  polcos szekrény Bükk;BS0102;1. ajtós szekrény
31051;Számítógépasztal Bükk;BA0600;Számítógépasztal
31202;Íróasztal 134 cm Bükk;BA0301;Íves íróasztal
31197;Íróasztal 134 cm Bükk;BA0307;Íróasztal klf. egyéb
31200;Irodai forgószék;BU0501;Irodai forgószék
31193;Favázas támlásszék;BU0601;Favázas támlásszék
31199;Görgős irattároló Bükk;BS0603;Görgős irattároló
31022;Éjjeli szekrény Bükk;BS9903;Éjjeli szekrény
31017;1. ajtós polcos  szekrény Bükk;BS0102;1. ajtós szekrény
31015;1 ajtós akasztós szekrény Bükk;BS0103;1 ajtós akasztós szekrény
31031;Íróasztal 134 cm Bükk;BA0302;Kisméretű íróasztal
31275;1. ajtós vaslemez iratszekrény;BS0902; 1. ajtós vaslemez iratszekrény
31279;Számítógépasztal Bükk;BA0600;Számítógépasztal
31278;Görgős irattároló Bükk;BS0603;Görgős irattároló
31274;1. ajtós felső szekrény;BS0501;1. ajtós felső szekrény
31271;1. ajtós alasztós  szekrény Bükk;BS0102;1. ajtós szekrény
31247;90 fokos ív Cseresznye;BA0401;Íves elem klf.
31246;Íróasztal 134 cm Cseresznye;BA0302;Kisméretű íróasztal
31258;2. ajtós felső szekrény Cseresznye;BS0502;2. ajtós felső szekrény
26430;1 ajtós akasztós szekrény;BS0103;1 ajtós akasztós szekrény
26354;Irodai forgószék;BU0501;Irodai forgószék
26435;1. ajtós polcos szekrény;BS0102;1. ajtós szekrény
26429;Számítógépasztal;BA0601;Számítógépasztal
26655;1 ajtós akasztós szekrény;BS0103;1 ajtós akasztós szekrény
26644;Görgős irattároló;BS0603;Görgős irattároló
26642;Íróasztal;BA0307;Íróasztal klf. egyéb
26654;Fémvázas támlásszék, írólapos;BU0603;Fémvázas támlásszék
26639;Favázas támlásszék, szövet kárpittal;BU0601;Favázas támlásszék
28015;Irodai forgószék bordó szövet kárpittal;BU0501;Irodai forgószék
28066;Étkezőasztal 4 személyes Bükk;BA0201;Étkező asztal 4. személyes
28065;Étkezőasztal 4 személyes Bükk;BA0201;Étkező asztal 4. személyes
28070;Tárgyalóasztal Cseresznye;BA0701;Tárgyalóasztal klf.
28082;Tárgyalóasztal Cseresznye;BA0701;Tárgyalóasztal klf.
28071;Tárgyalóasztal Cseresznye;BA0701;Tárgyalóasztal klf.
28088;Irattároló fémszekrény 4 polcos;BS9906;Fém szekrény klf.
28084;Tárgyalóasztal Cseresznye;BA0701;Tárgyalóasztal klf.
28083;1.ajtós felsőszekrény Bükk;BS0501;1. ajtós felső szekrény
28038;Fém iratszekrény;BS9906;Fém szekrény klf.
28034;Bordó szövet kárpitos forgószék;BU0501;Irodai forgószék
28046;Konyhaszekrény;BS0705;Konyhaszekrény
28048;AKG D80 mikrofon;KH0200;Mikrofonok
29260;1. ajtós szekrény akasztós Bükk;BS0102;1. ajtós szekrény
29259;1. ajtós szekrény polcos Bükk;BS0102;1. ajtós szekrény
29263;1. ajtós felső szekrény Bükk;BS0501;1. ajtós felső szekrény
29255;Görgős irattároló Bükk;BS0603;Görgős irattároló
29254;Irodai forgószék bordó szövet;BU0501;Irodai forgószék
25822;Milipol ADJ-H32 (XXXL) rejt. löv.á.mell.;EF0406;Rejtett viselésű lövedékálló mellény
25847;asztali ventilátor;EE1301;Asztali ventilátor
25121;DAD Lövedék csapda;EE9900;Egyéb gép, berendezés, felszerelés
25168;Nedis asztali ventilátor;EE1301;Asztali ventilátor
27029;DAD lövedékcsapda;EE1011;Lövedékmegfogó berendezés
26738;Löv.álló mellény, rejtett ADJ-H32 L3/K2;EF0406;Rejtett viselésű lövedékálló mellény
26127;görgős iratszekrény;BS0603;Görgős irattároló
26121;2 ajtós szekrény;BS0202;2. ajtós szekrény
26132;bükk támlás szék bordó kárpittal;BU0601;Favázas támlásszék
26120;1 ajtós akasztós szekrény;BS0103;1 ajtós akasztós szekrény
26123;1 ajtós felsőszekrény;BS0501;1. ajtós felső szekrény
26131;vezetői forgószék;BU0701;Vezetői forgószék
25973; támlás szék bordó szövet kárpittal;BU0501;Irodai forgószék
25966;1 ajtós iratszekrény;BS0103;1 ajtós akasztós szekrény
25972;bordó szövetkárpitos görgős szék;BU0501;Irodai forgószék
25964;1 ajtós felső szekrény;BS0501;1. ajtós felső szekrény
31259;1. ajtós akasztós szekrény Cseresznye;BS0103;1 ajtós akasztós szekrény
31249;Számítógépasztal Cseresznye;BA0600;Számítógépasztal
31254;Favázas támlásszék;BU0601;Favázas támlásszék
31260;1. ajtós felső szekrény Cseresznye;BS0501;1. ajtós felső szekrény
31244;Vezetői forgószék Bőr;BU0701;Vezetői forgószék
31248;Számítógépasztal Cseresznye;BA0600;Számítógépasztal
31245;Görgős irattároló Cseresznye;BS0603;Görgős irattároló
31257;2. ajtós polcos szekrény Cseresznye;BS0202;2. ajtós szekrény
31265;Fémvázas támlásszék;BU0603;Fémvázas támlásszék
31156;1. ajtós felső szekrény Bükk;BS0501;1. ajtós felső szekrény
31151;1. ajtós akasztós  szekrény Bükk;BS0102;1. ajtós szekrény
31298;Tárgyalóasztal Cseresznye;BA0701;Tárgyalóasztal klf.
26290;ADJ-H32-K Lövedékálló mellény;EF0402;Külső viselésű lövedékálló mellény
26448;ADJ-H32-K Lövedékálló mellény;EF0402;Külső viselésű lövedékálló mellény
25093;ADJ-H32 L3/K2 rejtett lövedékálló mell.;EF0402;Külső viselésű lövedékálló mellény
24897;Löv.álló mellény, rejtett ADJ-H32 L3/K2;EF0402;Külső viselésű lövedékálló mellény
28093;ÍRÓLAPOS FÉMVÁZAS SZÉK (DB);BU0603;Fémvázas támlásszék
28099;TÁMLÁS SZÉK cseresznye, bordó kárpittal;BU0601;Favázas támlásszék
28010;Elektrolux mikrohullámú sötő;EH0303;Mikrohullámú sütő klf. egyéb
27924;2 ajtós üveges vitrines szekrény Bükk;BS0201;2. ajtós üveges szekrény
27926;ÉTKEZŐASZTAL 4 SZEMÉLYES (összecsukható);BA0201;Étkező asztal 4. személyes
27925;ÉTKEZŐASZTAL 4 SZEMÉLYES (összecsukható);BA0201;Étkező asztal 4. személyes
24790;Lövedékálló mellény Milipol ADJ-H32/L;EF0406;Rejtett viselésű lövedékálló mellény
24791;Lövedékálló mellény Milipol ADJ-H32/XL;EF0406;Rejtett viselésű lövedékálló mellény
24822;Lövedékálló mell. Milipol ADJ-H32-K/M;EF0406;Rejtett viselésű lövedékálló mellény
24823;Lövedékálló mell. Milipol ADJ-H32-K/XL;EF0406;Rejtett viselésű lövedékálló mellény
24825;Lövedékálló mell. Milipol ADJ-H32-K/L;EF0406;Rejtett viselésű lövedékálló mellény
24753;Lövedékálló mell. Milipol ADJ-H32-K / L;EF0406;Rejtett viselésű lövedékálló mellény
24854;Lövedékálló mell. Milipol ADJ-H32-K / M;EF0406;Rejtett viselésű lövedékálló mellény
24852;Lövedékálló mell. Milipol ADJ-H32-K / XL;EF0406;Rejtett viselésű lövedékálló mellény
24836;ÉTKEZŐASZTAL 4 SZEMÉLYES;BA0201;Étkező asztal 4. személyes
29258;134 cm íróasztal Bükk;BA0302;Kisméretű íróasztal
29062;Irattároló fémszekrény 4 polcosKK (DB);BS9906;Fém szekrény klf.
29240;1 ajtós polcos szekrény Bükk;BS0102;1. ajtós szekrény
29239;Irodai forgószek bordó szövet;BU0501;Irodai forgószék
29242;1 ajtós akasztós szekrény Bükk;BS0103;1 ajtós akasztós szekrény
29225;1 ajtós felső szekrény Bükk;BS0501;1. ajtós felső szekrény
25984; számíógépasztal;BA0601;Számítógépasztal
25983; számítógépasztal;BA0601;Számítógépasztal
26161;tárgyaló asztal;BA0701;Tárgyalóasztal klf.
26158;konyhaszekrény;BS0705;Konyhaszekrény
26184;Hausmeister mikrohullámú sütő;EH0303;Mikrohullámú sütő klf. egyéb
26182;Sencor szendvicssütő;EH9707;Szendvicssűtő
31059;1. ajtós  akasztós  szekrény Bükk;BS0102;1. ajtós szekrény
31067;Íróasztal 134 cm  Bükk;BA0302;Kisméretű íróasztal
31181;Ágyneműtartós Heverő;BE0109;Heverő
31182;Ágyneműtartós Heverő;BE0109;Heverő
31228;Tárgyalóasztal Cseresznye;BA0701;Tárgyalóasztal klf.
31236;Favázas támlásszék;BU0601;Favázas támlásszék
31226;Favázas támlásszék Cseresznye;BU0601;Favázas támlásszék
31287;Számítógépasztal;BA0600;Számítógépasztal
31290;Étkező asztal 6. személyes Bükk;BA0202;Étkező asztal 6. személyes
31106;Számítógépasztal  Bükk;BA0600;Számítógépasztal
25029;Külsö lövedékálló mellény;EF0402;Külső viselésű lövedékálló mellény
25670;Számítógépasztal;BA0600;Számítógépasztal
25108;Görgős iratszekrény;BS0603;Görgős irattároló
25117;1 ajtós akasztós szekrény;BS0103;1 ajtós akasztós szekrény
25104;Forgatható karosszék;BU0501;Irodai forgószék
25044;1 ajtós iratszekrény;BS9920;Szekrény egyéb klf.
25019;1 ajtós iratszekrény;BS0102;1. ajtós szekrény
24982;1 ajtós irat szekrény;BS0102;1. ajtós szekrény
24970;2 ajtós vitrines szekrény;BS9925;Üveges szekrény
24764;Gorenje RK 611 PW4 kombinálthűtő;EH0204;Háztartási hűtőszekrény
24786;Lövedékálló mellény Milipol ADJ-H32/XXL;EF0406;Rejtett viselésű lövedékálló mellény
29817;1. ajtós akasztós szekrény Bükk;BS0102;1. ajtós szekrény
29828;Konyhabútor alsó rész;BS0703;Konyhabútor alsó rész
29819;Irattároló fémszekrény 4 polcos;BS0902; 1. ajtós vaslemez iratszekrény
29813;Delonghi Kávéfőző;EH0103;Kávéfőző
29812;Gorenje hűtőszekrény;EH0204;Háztartási hűtőszekrény
29815;1. ajtós polcos  szekrény Bükk;BS0102;1. ajtós szekrény
25705;1 AJTÓS FELSŐSZEKRÉNY BÜKK (DB);BS0501;1. ajtós felső szekrény
26739;Gorenje hűtőszekrény;EH0204;Háztartási hűtőszekrény
25716;1 AJTÓS IRATSZEKRÉNY cseresznye (DB);BS0102;1. ajtós szekrény
25711;VEZETŐI  2 AJTÓS AKASZTÓS SZEKRÉNY (NNYI;BS0102;1. ajtós szekrény
25720;GÖRGŐS IRATSZEKRÉNY cseresznye (DB)l;BS0603;Görgős irattároló
25714;2 AJTÓS VEZETŐI FELSŐSZEKRÉNY (NNYI);BS0202;2. ajtós szekrény
26088;1 ajtós felső szekrény bükk;BS0501;1. ajtós felső szekrény
26067;támlás szék bordó kárpittal;BU0601;Favázas támlásszék
31119;1 ajtós akasztós szekrény Bükk;BS0103;1 ajtós akasztós szekrény
31117;1 ajtós polcos szekrény Bükk;BS0103;1 ajtós akasztós szekrény
31312;Íróasztal Bükk;BA0302;Kisméretű íróasztal
31215;Favázas támlásszék;BU0601;Favázas támlásszék
31220;Éjjeli szekrény Bükk;BS9903;Éjjeli szekrény
31209;1. ajtósakasztós  szekrény Bükk;BS0102;1. ajtós szekrény
31206;Görgős irattároló  Bükk;BS0603;Görgős irattároló
31204;Íróasztal 134cm  Bükk;BA0302;Kisméretű íróasztal
24973;Tárgyalóasztal;BA0701;Tárgyalóasztal klf.
24954;Kulcstartó szekrény fém;BS9920;Szekrény egyéb klf.
24951;90 fokos ív;BA0401;Íves elem klf.
24910;Görgős irattartó;BS0603;Görgős irattároló
24919;Favázas támlásszék;BU0601;Favázas támlásszék
24903;örgős iratszekrény;BS0603;Görgős irattároló
24892;Fémvázas támlásszék;BU0603;Fémvázas támlásszék
25683;Konyhaszekrény alsó;BS0712;Konyhaszekrény elem
25688;Philips vízforraló;EH0501;Vízforraló
25689;Zanussi hűtőszekrény;EH0204;Háztartási hűtőszekrény
25690;Hausmeister mikróhullámú sütő;EH0303;Mikrohullámú sütő klf. egyéb
29854;2. ajtós felső szekrény cseresznye;BS0502;2. ajtós felső szekrény
24826;Lövedékálló mell. Milipol ADJ-H32-K/XXL;EF0406;Rejtett viselésű lövedékálló mellény
24755;Lövedékálló mellény Milipol ADJ-H32/S;EF0406;Rejtett viselésű lövedékálló mellény
24752;Lövedékálló mell. Milipol ADJ-H32-K / XS;EF0406;Rejtett viselésű lövedékálló mellény
24747;Lövedékálló mell. Milipol ADJ-H32/S;EF0406;Rejtett viselésű lövedékálló mellény
24827;Lövedékálló mell. Milipol ADJ-H32-K/XS;EF0406;Rejtett viselésű lövedékálló mellény
29841;Vezetői forgószék bőr;BU0701;Vezetői forgószék
29856;TÁMLÁS SZÉK cseresznye, bordó kárpittal;BU0601;Favázas támlásszék
29842;Görgős irattároló Cseresznye;BS0603;Görgős irattároló
29845;Vezetői íróasztal Cseresznye;BA0305;Nagyméretű íróasztal
29806;1. ajtós akasztós szekrény;BS0102;1. ajtós szekrény
29805;Fémvázas támlásszék bordó szövet;BU0603;Fémvázas támlásszék
29802;Irodai forgószék;BU0501;Irodai forgószék
29803;Íróasztal 134 cm Bükk;BA0302;Kisméretű íróasztal
28150;De Longi kávéfőző EC5.1;EH0103;Kávéfőző
28141;Konyhabútor alsó rész;BS0703;Konyhabútor alsó rész
28153;Vízforraló Philips HD9350/91;EH0501;Vízforraló
28147;Gorenje háztartási hűtőszekrény;EH0204;Háztartási hűtőszekrény
28149;Szendvicssütő Sencor SSM 4220SS;EH9707;Szendvicssűtő
29211;1. ajtós felső szekrény;BS0501;1. ajtós felső szekrény
29455;Fémvázas támlásszék;BU0603;Fémvázas támlásszék
27480;Mikrohullámú sütő Hausmeister;EH0303;Mikrohullámú sütő klf. egyéb
27487;KONYHASZEKRÉNY ALSÓ RÉSZ;BS0703;Konyhabútor alsó rész
31160;Szarvasi Kávéfőző;EH0103;Kávéfőző
30404;Fényhíd, Federal Signal (MZA-033);JT9901;Egyéb gépjármű  tartozék, alkatrész
29408;De Longi kávéfőző EC5.1;EH0103;Kávéfőző
29309;Mikrohullámú sütő Hausmeister Diana;EH0303;Mikrohullámú sütő klf. egyéb
30407;ADJ-H32 L3/K2 REJTETT. LÖV. MELLÉNY;EF0406;Rejtett viselésű lövedékálló mellény
30409;ADJ-H32 L3/K2 REJTETT. LÖV. MELLÉNY;EF0406;Rejtett viselésű lövedékálló mellény
30413;ADJ-H32 L3/K2 KÜLSŐ LÖV. MELLÉNY;EF0402;Külső viselésű lövedékálló mellény
30411;ADJ-H32 L3/K2 KÜLSŐ  LÖV. ÁLLÓ MELLÉNY;EF0402;Külső viselésű lövedékálló mellény
30412;ADJ-H32 L3/K2 KÜLSŐ LÖV. ÁLLÓ MELLÉNY;EF0402;Külső viselésű lövedékálló mellény
30381;ADJ-H32 Rejtett Löv. Álló Mellény;EF0406;Rejtett viselésű lövedékálló mellény
24350;"Garmin GPS 7.0""Navigációs készülék";SS9901;GPS navigációs eszköz
24326;Dahle iratmegsemmisítő;KI0400;Iratmegsemmisítő
24362;DD Optics Pirschler 8x45 Gen 3 távcső;EE1102;Éjjellátó figyelő-felderítő eszközök
24508;Xerox Versalink C7025 m. nyomt.;SN0699;Multifunkciós nyomtató egyéb
27108;Favázas támlásszék szövet kárpittal;BU0601;Favázas támlásszék
26385;1. ajtós felső szekrény;BS0501;1. ajtós felső szekrény
26387;Vízforraló, Philips;EH0502;Vizmelegítő
25076;Sarokelem;BA9913;Egyéb asztal klf.
25059;Favázas támlásszék szövet kárpitta;BU0601;Favázas támlásszék
25652;1 ajtós iratszekrény;BS0102;1. ajtós szekrény
28148;Mikrohullámú sütő Hausmeister Diana;EH0303;Mikrohullámú sütő klf. egyéb
27540;Kulcsdoboz szekrény;BS9912;Kulcstartó szekrény
27594;2 ajtós felső szekrény cseresznye;BS0502;2. ajtós felső szekrény
25387;SZÁMÍTÓGÉPASZTAL BÜKK (DB);BA0600;Számítógépasztal
25836;íróasztal 134 cm bükk;BA0302;Kisméretű íróasztal
25407;GÖRGŐS IRATSZEKRÉNY BÜKK (DB);BS0603;Görgős irattároló
26377;2. ajtós polcos szekrény;BS0202;2. ajtós szekrény
26382;2. ajtós felső szekrény;BS0502;2. ajtós felső szekrény
26365;Vezetői forgószék, bőr;BU0701;Vezetői forgószék
27110;Külső lövedékálló mellény;EF0402;Külső viselésű lövedékálló mellény
26741;Lövedékálló mellény külső;EF0402;Külső viselésű lövedékálló mellény
26740;Külső lövedékálló mellény;EF0402;Külső viselésű lövedékálló mellény
26836;KAZETTÁS MAGNÓ (DB);KH0103;Kazettás magnó
27071;1 ajtós felsőszekrény;BS0501;1. ajtós felső szekrény
25539;Görgős irattároló;BS0603;Görgős irattároló
28283;GÖRGŐS IRATSZEKRÉNY vezetői, cseresznye;BS0604;Görgős irattároló asztal melletti
28274;Felső szekrény 2 ajtós cseresznye;BS0502;2. ajtós felső szekrény
27473;De Longi kávéfőző EC5.1;EH0103;Kávéfőző
25226;2 AJTÓS FELSŐSZEKRÉNY cseresznye;BS0502;2. ajtós felső szekrény
25223;GÖRGŐS IRATSZEKRÉNY CSERESZNYE (DB);BS0603;Görgős irattároló
25231;Lövedékálló mellény ADJ-H32/XXL;BS0102;1. ajtós szekrény
26837;Konyhaszekrény alsó mosogatóval;BS0703;Konyhabútor alsó rész
26845;hausmeister mikró;EH0303;Mikrohullámú sütő klf. egyéb
25664;Gorenje mikróhullámú sütö;EH0303;Mikrohullámú sütő klf. egyéb
28776;DJI DRÓN+ TARTOZÉK;EE1110;Egyéb optikai eszközök
28781;VOLTCRAFT TS-500 mérleg;EH1202;Digitális Mérleg
28780;VOLTCRAFT TS-500mérleg;EH1202;Digitális Mérleg
27719;Transcend TS8XDV Külső DVD író;SE9900;Egyéb számítástechnikai eszköz
27686;KÖR VAKU NIKON;KK0804;Vaku
27699;ACER V246HL monitor;SS0299;Monitor egyéb
29886;Dohányzó asztal klf.;BA0101;Dohányzó asztal klf.
29905;2. ajtós szekrény;BS0202;2. ajtós szekrény
29893;Tárgyalóasztal klf.;BA0701;Tárgyalóasztal klf.
29870;Kisméretű íróasztal;BA0302;Kisméretű íróasztal
28349;1 AJTÓS AKASZTÓS SZEKRÉNY, bükk;BS0103;1 ajtós akasztós szekrény
28350;1 AJTÓS IRATSZEKRÉNY BÜKK (DB);BS0102;1. ajtós szekrény
29562;Külső HDD Seagate 2TB;SE1402;HDD > 500 GB
29116;Külső HDD Toshiba  4TB Canvio Basic;SE1402;HDD > 500 GB
29545;Külső HDD SEAGATE Expansion 2TB;SE1402;HDD > 500 GB
28431;1 AJTÓS IRATSZEKRÉNY BÜKK (DB);BS0103;1 ajtós akasztós szekrény
26239;görgős iratszekrény bükk;BS0603;Görgős irattároló
25734;DeLonghi kávéfőző;EH0103;Kávéfőző
25731;ÁLLÓ VENTILÁTOR;EE1302;Álló ventilátor
26185;bükk támlás szék szövet kárpittal;BU0601;Favázas támlásszék
29115;Külső HDD WD Elements 1TB;SE1402;HDD > 500 GB
30211;Dahle iratmegsemmisítő;KI0400;Iratmegsemmisítő
27475;Sencor Szendvicssűtő;EH9707;Szendvicssűtő
24817;Páncélszekrény;BS0906;Páncélszekrény
24875;AN-UP 2016 L4/K2 külső löv.álló mellény;EF0402;Külső viselésű lövedékálló mellény
27185;GÖRGŐS IRATSZEKRÉNY BÜKK (DB);BS0603;Görgős irattároló
27182;Dohányzóasztal cseresznye;BA9913;Egyéb asztal klf.
27181;Üveges szekrény 4 ajtós;BS9925;Üveges szekrény
27150;Állványos elekt. kézfertőtlenítő adagoló;EL0000;Labortechnikai eszközök
27314;Fémvázas támlásszék;BU0603;Fémvázas támlásszék
27310;Éjjeli szekrény;BS9903;Éjjeli szekrény
27208;ADJ-H32 L3/K2 külső löv.mell XL;EF0402;Külső viselésű lövedékálló mellény
27205;ADJ-H32-K L3/K2 külső löv.mell L;EF0402;Külső viselésű lövedékálló mellény
27890;Samsung LCD MONITOR;SS0202;Monitor LCD
27893;Kézfertőtlenítő álványos;BE0303;Állvány egyéb
28803;ADJ-H32-K L3/K2 rejtett lövedékálló mell;EF0406;Rejtett viselésű lövedékálló mellény
27481;Mikrohullámú sütő Hausmeister;EH0303;Mikrohullámú sütő klf. egyéb
27470;Irattároló fémszekrény 4 polcos;BS9906;Fém szekrény klf.
26213;GORENJE RB4092  hűtőszekrény;EH0204;Háztartási hűtőszekrény
27034;Lövedékálló mellény Milipol ADJ-H32/M;EF0406;Rejtett viselésű lövedékálló mellény
27031;Lövedékálló mellény Milipol ADJ-H32/3XL;EF0406;Rejtett viselésű lövedékálló mellény
27032;Lövedékálló mellény Milipol ADJ-H32/2XL;EF0406;Rejtett viselésű lövedékálló mellény
25374;1 AJTÓS IRATSZEKRÉNY BÜKK (DB);BS0103;1 ajtós akasztós szekrény
25366;1 AJTÓS AKASZTÓS SZEKRÉNY CSERESZNYE (DB;BS0103;1 ajtós akasztós szekrény
25362;2 AJTÓS FELSŐ  IRATSZEKRÉNY CSERESZNYE;BS0202;2. ajtós szekrény
25351;Vezetői íróasztal cseresznxe;BA0305;Nagyméretű íróasztal
25365;1 AJTÓS IRATSZEKRÉNY CSERESZNYE (DB);BS0103;1 ajtós akasztós szekrény
25352;Vezetői tárgyalóasztal cseresznye;BA0305;Nagyméretű íróasztal
28886;Görgős irattároló szekrény;BS0603;Görgős irattároló
28887;Számítógépasztal;BA0600;Számítógépasztal
28889;Asztalilámpa;KI0100;Asztali-,állólámpa, csillár
28856;Görgős irattároló;BS0603;Görgős irattároló
28857;90 fokos ív;BA0401;Íves elem klf.
28865;1. ajtós vaslemez iratszekrény;BS0902; 1. ajtós vaslemez iratszekrény
28861;1. ajtós felső szekrény;BS0501;1. ajtós felső szekrény
28873;Irodai forgószék;BU0501;Irodai forgószék
28859;1. ajtós szekrény polcos;BS0102;1. ajtós szekrény
28969;Álló ruhafogas;BE0201;Álló ruhafogas klf.
28968;Számítógépasztal Bükk;BA0600;Számítógépasztal
28959;Számítógépasztal Bükk;BA0600;Számítógépasztal
28962;Görgős irattároló szekrény Bükk;BS0603;Görgős irattároló
28963;Íróasztal 134 cm Bükk;BA0302;Kisméretű íróasztal
28956;1. ajtós polcos szekrény;BS0501;1. ajtós felső szekrény
27805;Bordó szövet kárpitos görgős szék;BS0102;1. ajtós szekrény
27047;1 ajtós felső szekrény;BS0501;1. ajtós felső szekrény
27038;GÖRGŐS IRATSZEKRÉNY;BS0603;Görgős irattároló
27042;íróasztal 134 cm;BA0302;Kisméretű íróasztal
27040;90 fokos ív;BA0401;Íves elem klf.
25312;GÖRGŐS IRATSZEKRÉNY CSERESZNYE;BS0603;Görgős irattároló
25328;2 AJTÓS FELSŐSZEKRÉNY cseresznye;BS0502;2. ajtós felső szekrény
25902;1 ajtós iratszekrény bükk;BS0102;1. ajtós szekrény
28944;Íróasztal Bükk;BA0302;Kisméretű íróasztal
28917;1. ajtós alsószekrény polcos;BS0102;1. ajtós szekrény
28918;1. ajtós felsőszekrény;BS0501;1. ajtós felső szekrény
28843;90 fokos ív;BA0401;Íves elem klf.
28510;90 fokos ív bükk;BA0401;Íves elem klf.
28278;Fujitsu számítógép BRFK tulajdon;SS0100;Asztali számítógép
28143;Kenyérpirító;EH9800;Egyéb konyhai felszerelés
28474;Lövedékálló mellény Milipol ADJ-H32 L;BS9906;Fém szekrény klf.
28550;Gorenje  hűtőszekrény;EH0204;Háztartási hűtőszekrény
25130;Vízforraló Philips;EH0501;Vízforraló
25132;De Longi kávéfőző;EH0103;Kávéfőző
25125;Háztartási hűtőszekrény Gorenje;EH0204;Háztartási hűtőszekrény
25124;Háztartási hűtőszekrény Gorenje;EH0204;Háztartási hűtőszekrény
25127;Konyhabútor alsó rész;BS0703;Konyhabútor alsó rész
25331;Irattároló fémszekrény 4 polcos;BS9906;Fém szekrény klf.
25174;Bordó szövet kárpitos görgős szék;BA0401;Íves elem klf.
28826;Étkező asztal 6. személyes;BA0202;Étkező asztal 6. személyes
28788;LED LÁMPA;EE2203;Keresőlámpák
28810;Éjjeli szekrény;BS9903;Éjjeli szekrény
28808;Hauser F-44 Álló ventilátor;EE1302;Álló ventilátor
28993;FAVÁZAS TÁMLÁSSZÉK SZÖVET KÁRPIT.Cseresz;BU0601;Favázas támlásszék
26268;Konyhabútor alsó rész;BS0703;Konyhabútor alsó rész
26280;Kávéfőző, De Longi EC5.1;EH0103;Kávéfőző
26278;Hűtőszekrény, Zanussi ZRG15805WA;EH0204;Háztartási hűtőszekrény
26267;Mikrohullámú sütő, Hausmeister;EH0303;Mikrohullámú sütő klf. egyéb
26281;Hűtőszekrény, Gorenje;EH0204;Háztartási hűtőszekrény
26690;Favázas támlásszék, szövet kárpittal;BU0601;Favázas támlásszék
26685;Tárgyalóasztal;BA0701;Tárgyalóasztal klf.
29188;ADJ-H32 Lövedékálló mellény  XL;EF0406;Rejtett viselésű lövedékálló mellény
29519;Hella fényhíd RTK 7;EE9500;Egyéb műszerek és berendezések
28626;KULCSDOBOZTARTÓ SZEKRÉNY FÉM;BS9912;Kulcstartó szekrény
28992;Étkezőasztal 6 személyes Bükk;BA0202;Étkező asztal 6. személyes
28985;Szarvasi kávéfőző;EH0103;Kávéfőző
28797;Állványos elektromos kézfertőtlenítő;BE0303;Állvány egyéb
31098;1. ajtós polcos szekrény  Bükk;BS0102;1. ajtós szekrény
31096;1. ajtós akasztós szekrény  Bükk;BS0102;1. ajtós szekrény
31092;Favázas támlásszék;BU0601;Favázas támlásszék
31090;íRÓASZTAL 134 CM Bükk;BA0302;Kisméretű íróasztal
31100;1. ajtós felső szekrény  Bükk;BS0501;1. ajtós felső szekrény
31085;Favázas támlásszék Bükk;BU0601;Favázas támlásszék
31166;Tárgyalóasztal Cseresznye;BA0701;Tárgyalóasztal klf.
31049;Görgős irattároló  Bükk;BS0603;Görgős irattároló
31040;1. ajtós  akasztós szekrény Bükk;BS0102;1. ajtós szekrény
26618;Sarok elem;BA0401;Íves elem klf.
1193;Töltő-ürítő lövedékcsapda;EE1011;Lövedékmegfogó berendezés
1282;Fotelágy;BE0107;Fotelágy
1230;Szarvasi kávéfőző;EH0103;Kávéfőző
4170;Laptop - Dell G3 3579;SS03;Laptop
4171;Monitor LG 24BK550Y;SS02;Monitor
4173;Laptop Dell Vostro 15 3000;SS03;Laptop
4201;Laptop - Vostro 15 3568;SS03;Laptop
4202;Laptop - Vostro 3558;SS03;Laptop
4219;Laptop - Inspiron 15 5567;SS03;Laptop
4227;Monitor DELL;SS02;Monitor
4234;Monitor DELL;SS02;Monitor
4264;Laptop - Inspiron 15 5567;SS03;Laptop
4348;Projektor Epson EB-W31;KK01;Projektor
4367;Laptop - Vostro 3590;SS03;Laptop
4368;Laptop - Inspiron 5559;SS03;Laptop
4369;Monitor LG;SS02;Monitor
4398;Laptop DELL Vostro 15 3000;SS03;Laptop
4399;Projektor Epson EB-W31;KK01;Projektor
4402;Monitor AOC;SS02;Monitor
4417;Mosogatógép AEG;EH06;Mosogatógép
4434;Laptop - Inspiron 15 3576;SS03;Laptop
4436;Laptop - Vostro 15 5568;SS03;Laptop
4454;Laptop - XPS 13 9380;SS03;Laptop
4482;Laptop - XPS 13 7390;SS03;Laptop
4529;TP-LINK 8 PORTOS;SH99;Egyéb hálózati eszköz
4543;Laptop DELL Latitude 3520;SS03;Laptop
4552;Laptop - Latitude 3500;SS03;Laptop
4554;Laptop - Inspiron 5558;SS03;Laptop
4555;Laptop - Latitude 3520;SS03;Laptop
4559;Monitor LG;SS02;Monitor
4573;Laptop - Dell G3 15 3590;SS03;Laptop
4588;Laptop - Dell G3 15 3590;SS03;Laptop
4595;Laptop - Vostro 15 3568;SS03;Laptop
4604;Monitor AOC;SS02;Monitor
4605;Monitor Philips;SS02;Monitor
4612;Laptop - Vostro 3558;SS03;Laptop
4615;Cisco Switch;SH99;Egyéb hálózati eszköz
4616;Laptop DELL VOSTRO 15 3000;SS03;Laptop
4629;Monitor - Dell P2419H;SS02;Monitor
4630;Monitor LG;SS02;Monitor
4632;Laptop DELL;SS03;Laptop
4633;Laptop - Vostro 3558;SS03;Laptop
4634;Monitor Philips;SS02;Monitor
4637;Monitor DELL;SS02;Monitor
4638;Számítógép DELL OptiPlex 3070;SS01;Számítógép
4641;Monitor Philips;SS02;Monitor
4644;Laptop - Vostro 15 3568;SS03;Laptop
4653;Laptop Asus;SS03;Laptop
4672;Asztalív;BA04;Kiegészítők asztalhoz
4676;Asztali számítógép - OptiPlex 7020;SS01;Számítógép
4681;Monitor - Dell E2417H;SS02;Monitor
4684;Nyomtató CanonMF4330D;SN01;Nyomtató
4685;Laptop - Vostro 15 3568;SS03;Laptop
4686;Asztali számítógép - OptiPlex 7020;SS01;Számítógép
4690;asztali számítógép dell;SS01;Számítógép
4701;Laptop - Vostro 15 3568;SS03;Laptop
4702;Számítógép DELL OptiPlex 3050;SS01;Számítógép
4704;Számítógép - Dell Optiplex 7020MT;SS01;Számítógép
4705;Nyomtató - Canon;SN01;Nyomtató
4713;Asztali számítógép - OptiPlex 3040;SS01;Számítógép
4715;Laptop - Inspiron 5558;SS03;Laptop
4722;monitor philips;SS02;Monitor
4723;Asztali számítógép - OptiPlex 3050;SS01;Számítógép
4725;Számítógép DELL;SS01;Számítógép
4726;Laptop - Inspiron 5559;SS03;Laptop
4733;Laptop DELL;SS03;Laptop
4734;Asztali számítógép - OptiPlex 3040;SS01;Számítógép
4740;monitor lg;SS02;Monitor
4742;Monitor DELL;SS02;Monitor
4744;Számítógép DELL;SS01;Számítógép
4746;Laptop - Vostro 3558;SS03;Laptop
4747;asztal;BA03;Íróasztal
4758;Monitor Samsung;SS02;Monitor
4760;Számítógép DELL Inspiron 5000;SS03;Laptop
4762;asztali számítógép;SS01;Számítógép
4765;monitor philips;SS02;Monitor
4768;Asztali számítógép - OptiPlex 3040;SS01;Számítógép
4771;Laptop - Vostro 15 3568;SS03;Laptop
4773;Laptop - Inspiron 5559;SS03;Laptop
4775;monitor HP;SS02;Monitor
4782;projector Epson eb-w05;KK01;Projektor
4791;nyomtató canon;SN01;Nyomtató
4797;monitor Samsung;SS02;Monitor
4800;Laptop - Latitude 5520;SS03;Laptop
4802;Laptop - Vostro 3558;SS03;Laptop
4805;görgős konténer 3 fiókos;BS06;Görgős, fiókos szekrény
4816;Asztali számítógép - OptiPlex 3050;SS01;Számítógép
4817;Laptop - Vostro 3558;SS03;Laptop
4818;asztali számítógép dell;SS01;Számítógép
4819;Monitor LG;SS02;Monitor
4820;Monitor AOC;SS02;Monitor
4821;Asztali számítógép - OptiPlex 3050;SS01;Számítógép
4824;Asztali számítógép - OptiPlex 3040;SS01;Számítógép
4829;Monitor AOC;SS02;Monitor
4832;Asztali számítógép - OptiPlex 3050;SS01;Számítógép
4845;monitor dell;SS02;Monitor
4848;Laptop - Latitude 3510;SS03;Laptop
4849;Számítógép DELL;SS01;Számítógép
4852;Asztali számítógép - OptiPlex 3050;SS01;Számítógép
4853;asztali számítógép;SS01;Számítógép
4854;Dell monitor;SS02;Monitor
4855;Asztali számítógép - OptiPlex 3050;SS01;Számítógép
4857;monitor dell;SS02;Monitor
4862;Laptop - Vostro 15 3568;SS03;Laptop
4864;Laptop - Vostro 3558;SS03;Laptop
4866;laptop Acer travel mate b11u;SS03;Laptop
4868;Laptop;SS03;Laptop
4869;Notebook;SS03;Laptop
4871;Laptop Asus Inspiron;SS03;Laptop
4879;Laptop - Vostro 15 3568;SS03;Laptop
4881;Asztali számítógép - OptiPlex 3040;SS01;Számítógép
4882;Asztali számítógép - OptiPlex 3040;SS01;Számítógép
4893;Asztali számítógép - OptiPlex 3040;SS01;Számítógép
4896;Asztali számítógép - OptiPlex 3040;SS01;Számítógép
4901;forgószék;BU02;Forgószék
4906;íróasztal jobbos;BA03;Íróasztal
4908;konténer fiókos;BS06;Görgős, fiókos szekrény
4911;szék kárpitos karfás;BU01;Szék
4914;szék karfás kárpitos;BU01;Szék
4918;íróasztal balos;BA03;Íróasztal
4919;Asztali számítógép - OptiPlex 7020;SS01;Számítógép
4922;monitor aoc;SS02;Monitor
4945;Laptop - Vostro 15 3568;SS03;Laptop
4965;Laptop - Inspiron 5558;SS03;Laptop
4966;Asztali számítógép - OptiPlex 3050;SS01;Számítógép
4969;Asztali számítógép;SS01;Számítógép
4970;Asztali számítógép;SS01;Számítógép
4972;Asztali számítógép;SS01;Számítógép
4976;Asztali számítógép - OptiPlex 3080;SS01;Számítógép
4979;asztali számítógép dell;SS01;Számítógép
4980;Monitor LG;SS02;Monitor
4985;Monitor ASUS;SS02;Monitor
4987;Monitor LG;SS02;Monitor
4991;Monitor LG;SS02;Monitor
5000;laptop hp;SS01;Számítógép
5002;laptop Dell inspiron;SS03;Laptop
5005;asztali számítógép aplle Mac mini;SS01;Számítógép
5007;Laptop - Vostro 3558;SS03;Laptop
5008;Laptop - Vostro 3558;SS03;Laptop
5009;Laptop - Vostro 3558;SS03;Laptop
5012;Laptop - Inspiron 15R N5110;SS03;Laptop
5015;Laptop HP Compaq 6115b;SS03;Laptop
5016;Laptop - HP ;SS03;Laptop
5021;Laptop - Inspiron 5558;SS03;Laptop
5022;Laptop - Vostro 15 3568;SS03;Laptop
5026;Számítógép DELL;SS01;Számítógép
5028;Számítógép DELL;SS01;Számítógép
5038;Laptop - Vostro 3558;SS03;Laptop
5042;szék karfás kárpitos;BU01;Szék
5047;asztali kör;BA07;Tárgyaló asztal
5048;D-LINK Switch 8 portos;SH99;Egyéb hálózati eszköz
5056;DELL EMC STORAGE SCV3020;SH99;Egyéb hálózati eszköz
5057;DELL STORAGE;SH99;Egyéb hálózati eszköz
5059;tárgyalóasztal íves véggel;BA07;Tárgyaló asztal
5061;projektor BenQ;KK01;Projektor
5064;DELL POWERVAULT 114X;SH99;Egyéb hálózati eszköz
5065;tv LG;KV02;LCD televízió TV
5067;DELL STORAGE POWEREDGE;SH99;Egyéb hálózati eszköz
5070;DELL STORAGE POWEREDGE;SH99;Egyéb hálózati eszköz
5071;forgószék;BU02;Forgószék
5073;íróasztal;BA03;Íróasztal
5076;Szerver - PowerEdge R530;SH99;Egyéb hálózati eszköz
5109;forgószék;BU02;Forgószék
5125;Asztal;BA03;Íróasztal
5128;Konténer;BS06;Görgős, fiókos szekrény
5138;Cisco Switch;SH99;Egyéb hálózati eszköz
5146;Monitor Philips;SS02;Monitor
5148;nyomtató kryocera m2030dn;SN01;Nyomtató
5168;Kávéfőző De'Longhi;EH01;Kávéfőző
5169;Mikrohullámú sütő SHARP;EH03;Mikrohullámú sütő
5180;Monitor DELL;SS02;Monitor
5182;Monitor DELL;SS02;Monitor
5187;asztali számítógép;SS01;Számítógép
5203;Monitor DELL;SS02;Monitor
5204;asztali számítógép;SS01;Számítógép
5205;Monitor - Dell P2419H;SS02;Monitor
5206;Monitor - Dell P2419H;SS02;Monitor
5208;Monitor - Dell P2419H;SS02;Monitor
5211;Laptop - Inspiron 5559;SS03;Laptop
5213;Laptop - Vostro 3590;SS03;Laptop
5216;Laptop - Vostro 15 3568;SS03;Laptop
5219;projektor Epson eb-w05;KK01;Projektor
5224;monitor DELL;SS02;Monitor
5228;Dell Monitor;SS02;Monitor
5233;Laptop - Vostro 3558;SS03;Laptop
5239;laptop DELL Latitude 3510;SS03;Laptop
5248;Laptop - Vostro 15 5568;SS03;Laptop
5249;mobiltelefon Huawei p40 light;KT04;Mobiltelefon
5252;Switch MikroTik could swich;SH99;Egyéb hálózati eszköz
5254;Switch hp;SH99;Egyéb hálózati eszköz
5283;Laptop - Vostro 3558;SS03;Laptop
5284;Laptop - Vostro 3558;SS03;Laptop
5285;Laptop - Vostro 3558;SS03;Laptop
5286;Laptop - Vostro 3558;SS03;Laptop
5288;Laptop - Vostro 3558;SS03;Laptop
5289;Laptop - Vostro 3558;SS03;Laptop
5290;Laptop - Vostro 3558;SS03;Laptop
5291;Laptop - Vostro 3558;SS03;Laptop
5292;Laptop - Vostro 3558;SS03;Laptop
5293;Laptop - Vostro 3558;SS03;Laptop
5294;Laptop - Vostro 3558;SS03;Laptop
5295;Laptop - Vostro 3558;SS03;Laptop
5296;Laptop - Vostro 3558;SS03;Laptop
5297;Laptop - Vostro 3558;SS03;Laptop
5298;Laptop - Vostro 3558;SS03;Laptop
5299;Laptop - Vostro 3558;SS03;Laptop
5303;Laptop - Vostro 3558;SS03;Laptop
5304;Laptop - Vostro 3558;SS03;Laptop
5305;Laptop - Vostro 3558;SS03;Laptop
5306;Laptop - Vostro 3558;SS03;Laptop
5307;Laptop - Vostro 3559;SS03;Laptop
5308;Laptop - Vostro 3558;SS03;Laptop
5309;Laptop - Vostro 3558;SS03;Laptop
5310;Laptop - Vostro 3558;SS03;Laptop
5311;Laptop - Vostro 3558;SS03;Laptop
5312;Laptop - Vostro 3558;SS03;Laptop
5315;laptop Acer netbook;SS03;Laptop
5317;Laptop - Vostro 15 3568;SS03;Laptop
5319;Laptop - Inspiron 5560;SS03;Laptop
5320;Laptop - Inspiron 5559;SS03;Laptop
5323;Laptop - Vostro 3558;SS03;Laptop
5324;Laptop - Vostro 15 3568;SS03;Laptop
5328;Laptop - Inspiron 5560;SS03;Laptop
5329;Laptop - Vostro 15 3568;SS03;Laptop
5332;Switch hp;SH99;Egyéb hálózati eszköz
5333;Switch;SH99;Egyéb hálózati eszköz
5335;Laptop - Vostro 15 3568;SS03;Laptop
5336;Laptop - Vostro 3590;SS03;Laptop
5337;Laptop - Vostro 15 3568;SS03;Laptop
5338;Laptop - Vostro 15 3568;SS03;Laptop
5339;Laptop - Vostro 15 3568;SS03;Laptop
5340;Laptop - Vostro 15 3568;SS03;Laptop
5367;Laptop - Vostro 3558;SS03;Laptop
5370;Laptop - Inspiron 5559;SS03;Laptop
5371;Laptop - Vostro 15 3568;SS03;Laptop
5374;Laptop - Vostro 15 3568;SS03;Laptop
5459;LG Monitor;SS02;Monitor
5460;Laptop Dell;SS03;Laptop
5461;Laptop - Vostro 3590;SS03;Laptop
5462;Laptop - Vostro 3590;SS03;Laptop
5463;Laptop - Vostro 15 3568;SS03;Laptop
5464;LG Monitor;SS02;Monitor
